證券代碼,簡稱,年月日,收盤價(元),成交量(千股)
50,台灣50       ,2011/1/3,52.85,12033
50,台灣50       ,2011/1/4,52.72,11093
50,台灣50       ,2011/1/5,51.86,20764
50,台灣50       ,2011/1/6,51.77,6883
50,台灣50       ,2011/1/7,51.3,12300
50,台灣50       ,2011/1/10,51.47,4241
50,台灣50       ,2011/1/11,52.33,12746
50,台灣50       ,2011/1/12,52.54,5713
50,台灣50       ,2011/1/13,52.5,10156
50,台灣50       ,2011/1/14,52.46,7317
50,台灣50       ,2011/1/17,52.33,5093
50,台灣50       ,2011/1/18,52.76,9691
50,台灣50       ,2011/1/19,53.36,15346
50,台灣50       ,2011/1/20,53.02,5216
50,台灣50       ,2011/1/21,52.46,11627
50,台灣50       ,2011/1/24,52.42,17731
50,台灣50       ,2011/1/25,52.85,18634
50,台灣50       ,2011/1/26,53.32,20930
50,台灣50       ,2011/1/27,53.71,17156
50,台灣50       ,2011/1/28,54.18,11849
50,台灣50       ,2011/2/8,53.83,11116
50,台灣50       ,2011/2/9,53.32,12233
50,台灣50       ,2011/2/10,52.33,22906
50,台灣50       ,2011/2/11,50.65,43872
50,台灣50       ,2011/2/14,51.08,11080
50,台灣50       ,2011/2/15,51.38,9824
50,台灣50       ,2011/2/16,51.47,20565
50,台灣50       ,2011/2/17,51.3,6957
50,台灣50       ,2011/2/18,52.16,9831
50,台灣50       ,2011/2/21,52.16,14830
50,台灣50       ,2011/2/22,51.47,31460
50,台灣50       ,2011/2/23,50.74,28150
50,台灣50       ,2011/2/24,50.74,28688
50,台灣50       ,2011/2/25,51.17,34452
50,台灣50       ,2011/3/1,51.56,8004
50,台灣50       ,2011/3/2,51.13,22951
50,台灣50       ,2011/3/3,51.77,28035
50,台灣50       ,2011/3/4,52.16,12108
50,台灣50       ,2011/3/7,51.77,14594
50,台灣50       ,2011/3/8,51.81,2590
50,台灣50       ,2011/3/9,51.77,11164
50,台灣50       ,2011/3/10,51.17,8147
50,台灣50       ,2011/3/11,50.61,22485
50,台灣50       ,2011/3/14,50.57,28008
50,台灣50       ,2011/3/15,49.45,62123
50,台灣50       ,2011/3/16,49.28,20893
50,台灣50       ,2011/3/17,49.28,20325
50,台灣50       ,2011/3/18,49.66,13046
50,台灣50       ,2011/3/21,49.96,18789
50,台灣50       ,2011/3/22,50.22,17030
50,台灣50       ,2011/3/23,50.31,13061
50,台灣50       ,2011/3/24,50.52,13112
50,台灣50       ,2011/3/25,51.04,12811
50,台灣50       ,2011/3/28,50.87,6845
50,台灣50       ,2011/3/29,50.95,5977
50,台灣50       ,2011/3/30,51.25,11142
50,台灣50       ,2011/3/31,51.21,8065
50,台灣50       ,2011/4/1,51.47,9617
50,台灣50       ,2011/4/6,52.59,30707
50,台灣50       ,2011/4/7,52.72,20231
50,台灣50       ,2011/4/8,52.54,11889
50,台灣50       ,2011/4/11,52.54,16414
50,台灣50       ,2011/4/12,51.64,14749
50,台灣50       ,2011/4/13,51.94,9151
50,台灣50       ,2011/4/14,51.9,5748
50,台灣50       ,2011/4/15,51.3,3910
50,台灣50       ,2011/4/18,51.21,5204
50,台灣50       ,2011/4/19,50.91,14045
50,台灣50       ,2011/4/20,51.86,11997
50,台灣50       ,2011/4/21,53.06,34318
50,台灣50       ,2011/4/22,52.97,22105
50,台灣50       ,2011/4/25,52.85,26924
50,台灣50       ,2011/4/26,52.63,23837
50,台灣50       ,2011/4/27,53.45,46502
50,台灣50       ,2011/4/28,53.45,30767
50,台灣50       ,2011/4/29,53.32,50487
50,台灣50       ,2011/5/3,53.45,26662
50,台灣50       ,2011/5/4,53.15,19729
50,台灣50       ,2011/5/5,53.53,22314
50,台灣50       ,2011/5/6,53.28,24042
50,台灣50       ,2011/5/9,53.58,15561
50,台灣50       ,2011/5/10,53.58,8415
50,台灣50       ,2011/5/11,53.36,9690
50,台灣50       ,2011/5/12,53.53,17883
50,台灣50       ,2011/5/13,53.36,7629
50,台灣50       ,2011/5/16,52.72,16444
50,台灣50       ,2011/5/17,52.67,16743
50,台灣50       ,2011/5/18,52.97,5864
50,台灣50       ,2011/5/19,52.5,17153
50,台灣50       ,2011/5/20,52.54,15265
50,台灣50       ,2011/5/23,51.9,38595
50,台灣50       ,2011/5/24,51.99,26103
50,台灣50       ,2011/5/25,51.81,22809
50,台灣50       ,2011/5/26,52.33,7274
50,台灣50       ,2011/5/27,52.11,11665
50,台灣50       ,2011/5/30,52.03,10601
50,台灣50       ,2011/5/31,53.32,10825
50,台灣50       ,2011/6/1,53.62,26708
50,台灣50       ,2011/6/2,53.23,18610
50,台灣50       ,2011/6/3,53.49,14876
50,台灣50       ,2011/6/7,53.49,10967
50,台灣50       ,2011/6/8,53.32,14003
50,台灣50       ,2011/6/9,53.32,8665
50,台灣50       ,2011/6/10,52.07,27188
50,台灣50       ,2011/6/13,51.38,21849
50,台灣50       ,2011/6/14,52.24,11523
50,台灣50       ,2011/6/15,52.03,11156
50,台灣50       ,2011/6/16,51.08,23032
50,台灣50       ,2011/6/17,50.91,20766
50,台灣50       ,2011/6/20,50.39,21506
50,台灣50       ,2011/6/21,50.78,15219
50,台灣50       ,2011/6/22,50.91,11737
50,台灣50       ,2011/6/23,50.44,15137
50,台灣50       ,2011/6/24,50.05,27218
50,台灣50       ,2011/6/27,49.71,27066
50,台灣50       ,2011/6/28,49.58,11858
50,台灣50       ,2011/6/29,50.44,16310
50,台灣50       ,2011/6/30,50.61,8335
50,台灣50       ,2011/7/1,51.34,13964
50,台灣50       ,2011/7/4,51.64,18908
50,台灣50       ,2011/7/5,51.56,12622
50,台灣50       ,2011/7/6,52.11,13484
50,台灣50       ,2011/7/7,51.9,11109
50,台灣50       ,2011/7/8,51.64,14932
50,台灣50       ,2011/7/11,51.3,11993
50,台灣50       ,2011/7/12,50.48,48066
50,台灣50       ,2011/7/13,50.48,39174
50,台灣50       ,2011/7/14,50.65,39805
50,台灣50       ,2011/7/15,50.91,18410
50,台灣50       ,2011/7/18,50.74,20727
50,台灣50       ,2011/7/19,50.65,8281
50,台灣50       ,2011/7/20,51.99,18866
50,台灣50       ,2011/7/21,52.11,10880
50,台灣50       ,2011/7/22,52.46,22666
50,台灣50       ,2011/7/25,51.94,8426
50,台灣50       ,2011/7/26,52.63,15897
50,台灣50       ,2011/7/27,52.76,8730
50,台灣50       ,2011/7/28,52.33,12994
50,台灣50       ,2011/7/29,51.51,13902
50,台灣50       ,2011/8/1,51.9,9200
50,台灣50       ,2011/8/2,51.21,16233
50,台灣50       ,2011/8/3,50.39,41979
50,台灣50       ,2011/8/4,49.75,40427
50,台灣50       ,2011/8/5,46.83,93524
50,台灣50       ,2011/8/8,46.01,88158
50,台灣50       ,2011/8/9,45.58,137680
50,台灣50       ,2011/8/10,46.52,51751
50,台灣50       ,2011/8/11,46.52,35420
50,台灣50       ,2011/8/12,46.05,38053
50,台灣50       ,2011/8/15,46.95,13373
50,台灣50       ,2011/8/16,46.74,14509
50,台灣50       ,2011/8/17,46.4,16712
50,台灣50       ,2011/8/18,45.54,29569
50,台灣50       ,2011/8/19,43.94,46326
50,台灣50       ,2011/8/22,44.29,36786
50,台灣50       ,2011/8/23,45.84,25870
50,台灣50       ,2011/8/24,45.23,25953
50,台灣50       ,2011/8/25,45.02,16449
50,台灣50       ,2011/8/26,45.62,19422
50,台灣50       ,2011/8/29,46.27,21399
50,台灣50       ,2011/8/30,46.61,18853
50,台灣50       ,2011/8/31,46.91,17721
50,台灣50       ,2011/9/1,47.43,35887
50,台灣50       ,2011/9/2,47.43,14570
50,台灣50       ,2011/9/5,46.09,20965
50,台灣50       ,2011/9/6,45.19,25736
50,台灣50       ,2011/9/7,46.05,15671
50,台灣50       ,2011/9/8,46.18,14964
50,台灣50       ,2011/9/9,46.57,21152
50,台灣50       ,2011/9/13,45.28,26540
50,台灣50       ,2011/9/14,44.37,40373
50,台灣50       ,2011/9/15,45.45,26022
50,台灣50       ,2011/9/16,46.52,32473
50,台灣50       ,2011/9/19,45.75,17268
50,台灣50       ,2011/9/20,45.92,18363
50,台灣50       ,2011/9/21,46.09,9744
50,台灣50       ,2011/9/22,44.8,29986
50,台灣50       ,2011/9/23,43.3,64025
50,台灣50       ,2011/9/26,42.41,42234
50,台灣50       ,2011/9/27,43.94,29804
50,台灣50       ,2011/9/28,43.99,18621
50,台灣50       ,2011/9/29,44.37,14168
50,台灣50       ,2011/9/30,44.42,11847
50,台灣50       ,2011/10/3,43.26,26724
50,台灣50       ,2011/10/4,43.64,19459
50,台灣50       ,2011/10/5,43.21,13795
50,台灣50       ,2011/10/6,44.07,21005
50,台灣50       ,2011/10/7,44.33,18355
50,台灣50       ,2011/10/11,45.58,24633
50,台灣50       ,2011/10/12,45.45,10379
50,台灣50       ,2011/10/13,45.41,12110
50,台灣50       ,2011/10/14,45.11,9843
50,台灣50       ,2011/10/17,45.66,12184
50,台灣50       ,2011/10/18,45.19,18729
50,台灣50       ,2011/10/19,45.02,15305
50,台灣50       ,2011/10/20,44.5,19221
50,台灣50       ,2011/10/21,44.68,16993
50,台灣50       ,2011/10/24,46.09,27555
50,台灣50       ,2011/10/25,46.09,23610
50,台灣50       ,2011/10/26,46.54,24026
50,台灣50       ,2011/10/27,46.63,23253
50,台灣50       ,2011/10/28,46.76,36429
50,台灣50       ,2011/10/31,46.59,16939
50,台灣50       ,2011/11/1,46.9,10920
50,台灣50       ,2011/11/2,46.76,23425
50,台灣50       ,2011/11/3,45.92,29386
50,台灣50       ,2011/11/4,46.67,19730
50,台灣50       ,2011/11/7,46.76,5859
50,台灣50       ,2011/11/8,46.54,13171
50,台灣50       ,2011/11/9,46.59,9946
50,台灣50       ,2011/11/10,45.11,59839
50,台灣50       ,2011/11/11,45.42,15851
50,台灣50       ,2011/11/14,46.54,22866
50,台灣50       ,2011/11/15,46.27,6807
50,台灣50       ,2011/11/16,45.69,20231
50,台灣50       ,2011/11/17,45.83,16465
50,台灣50       ,2011/11/18,44.89,39881
50,台灣50       ,2011/11/21,43.93,46584
50,台灣50       ,2011/11/22,43.75,37161
50,台灣50       ,2011/11/23,42.7,55896
50,台灣50       ,2011/11/24,42.71,38816
50,台灣50       ,2011/11/25,42.34,31966
50,台灣50       ,2011/11/28,43.1,17182
50,台灣50       ,2011/11/29,43.48,13678
50,台灣50       ,2011/11/30,42.91,13561
50,台灣50       ,2011/12/1,44.89,50086
50,台灣50       ,2011/12/2,44.46,11022
50,台灣50       ,2011/12/5,44.32,9432
50,台灣50       ,2011/12/6,43.45,14698
50,台灣50       ,2011/12/7,43.91,15032
50,台灣50       ,2011/12/8,43.6,14793
50,台灣50       ,2011/12/9,43.05,18170
50,台灣50       ,2011/12/12,43.55,12180
50,台灣50       ,2011/12/13,43.33,9930
50,台灣50       ,2011/12/14,43.36,5907
50,台灣50       ,2011/12/15,42.39,21987
50,台灣50       ,2011/12/16,42.57,15182
50,台灣50       ,2011/12/19,41.71,25844
50,台灣50       ,2011/12/20,41.94,7949
50,台灣50       ,2011/12/21,43.98,31925
50,台灣50       ,2011/12/22,43.87,17260
50,台灣50       ,2011/12/23,44.62,28468
50,台灣50       ,2011/12/26,44.58,11437
50,台灣50       ,2011/12/27,44.49,15628
50,台灣50       ,2011/12/28,44.24,13472
50,台灣50       ,2011/12/29,44.27,13638
50,台灣50       ,2011/12/30,44.45,19591
50,台灣50       ,2012/1/2,43.78,11331
50,台灣50       ,2012/1/3,44.35,19461
50,台灣50       ,2012/1/4,44.62,23080
50,台灣50       ,2012/1/5,44.76,21097
50,台灣50       ,2012/1/6,44.62,28343
50,台灣50       ,2012/1/9,44.45,14067
50,台灣50       ,2012/1/10,45.25,29305
50,台灣50       ,2012/1/11,45.2,13541
50,台灣50       ,2012/1/12,45.29,18821
50,台灣50       ,2012/1/13,45.38,39263
50,台灣50       ,2012/1/16,44.67,28879
50,台灣50       ,2012/1/17,45.11,15798
50,台灣50       ,2012/1/18,44.98,12506
50,台灣50       ,2012/1/30,46.23,34218
50,台灣50       ,2012/1/31,46.36,20611
50,台灣50       ,2012/2/1,46.67,24094
50,台灣50       ,2012/2/2,47.21,20429
50,台灣50       ,2012/2/3,47.34,35674
50,台灣50       ,2012/2/4,47.88,35192
50,台灣50       ,2012/2/6,47.48,18164
50,台灣50       ,2012/2/7,47.57,19816
50,台灣50       ,2012/2/8,48.59,39001
50,台灣50       ,2012/2/9,48.55,36139
50,台灣50       ,2012/2/10,48.15,28591
50,台灣50       ,2012/2/13,48.37,26861
50,台灣50       ,2012/2/14,48.19,23406
50,台灣50       ,2012/2/15,48.99,41671
50,台灣50       ,2012/2/16,48.41,22868
50,台灣50       ,2012/2/17,48.86,35448
50,台灣50       ,2012/2/20,48.82,31809
50,台灣50       ,2012/2/21,48.64,15255
50,台灣50       ,2012/2/22,48.95,17125
50,台灣50       ,2012/2/23,48.73,9186
50,台灣50       ,2012/2/24,48.86,9154
50,台灣50       ,2012/2/29,49.98,28925
50,台灣50       ,2012/3/1,49.89,20105
50,台灣50       ,2012/3/2,49.62,9084
50,台灣50       ,2012/3/3,49.44,9221
50,台灣50       ,2012/3/5,48.95,17881
50,台灣50       ,2012/3/6,48.73,16219
50,台灣50       ,2012/3/7,48.55,11160
50,台灣50       ,2012/3/8,48.82,15208
50,台灣50       ,2012/3/9,49.04,12918
50,台灣50       ,2012/3/12,48.5,10019
50,台灣50       ,2012/3/13,49.17,18507
50,台灣50       ,2012/3/14,49.89,23963
50,台灣50       ,2012/3/15,49.66,7323
50,台灣50       ,2012/3/16,49.44,8511
50,台灣50       ,2012/3/19,49.31,13386
50,台灣50       ,2012/3/20,48.95,6615
50,台灣50       ,2012/3/21,48.95,7561
50,台灣50       ,2012/3/22,49.62,12651
50,台灣50       ,2012/3/23,49.49,5429
50,台灣50       ,2012/3/26,48.68,9786
50,台灣50       ,2012/3/27,49.31,10106
50,台灣50       ,2012/3/28,49.49,12034
50,台灣50       ,2012/3/29,48.82,10460
50,台灣50       ,2012/3/30,48.99,8895
50,台灣50       ,2012/4/2,48.82,4412
50,台灣50       ,2012/4/3,48.41,9361
50,台灣50       ,2012/4/5,47.88,14638
50,台灣50       ,2012/4/6,47.97,15954
50,台灣50       ,2012/4/9,47.39,18841
50,台灣50       ,2012/4/10,47.39,6629
50,台灣50       ,2012/4/11,47.57,12285
50,台灣50       ,2012/4/12,47.61,9449
50,台灣50       ,2012/4/13,48.15,8534
50,台灣50       ,2012/4/16,48.01,5518
50,台灣50       ,2012/4/17,47.21,21792
50,台灣50       ,2012/4/18,47.3,11436
50,台灣50       ,2012/4/19,47.34,9678
50,台灣50       ,2012/4/20,46.72,15623
50,台灣50       ,2012/4/23,46.67,18551
50,台灣50       ,2012/4/24,46.76,6802
50,台灣50       ,2012/4/25,47.03,3254
50,台灣50       ,2012/4/26,46.67,5918
50,台灣50       ,2012/4/27,46.59,12943
50,台灣50       ,2012/4/30,46.45,12293
50,台灣50       ,2012/5/2,47.61,12132
50,台灣50       ,2012/5/3,47.39,5177
50,台灣50       ,2012/5/4,47.48,11424
50,台灣50       ,2012/5/7,46.45,21312
50,台灣50       ,2012/5/8,46.45,9194
50,台灣50       ,2012/5/9,46.14,22880
50,台灣50       ,2012/5/10,46.14,7132
50,台灣50       ,2012/5/11,45.65,29045
50,台灣50       ,2012/5/14,45.69,10200
50,台灣50       ,2012/5/15,45.69,21664
50,台灣50       ,2012/5/16,44.8,32978
50,台灣50       ,2012/5/17,45.34,7940
50,台灣50       ,2012/5/18,44.33,37830
50,台灣50       ,2012/5/21,44.58,14716
50,台灣50       ,2012/5/22,44.98,9359
50,台灣50       ,2012/5/23,44.17,23947
50,台灣50       ,2012/5/24,44.07,12526
50,台灣50       ,2012/5/25,43.74,13503
50,台灣50       ,2012/5/28,44.15,6212
50,台灣50       ,2012/5/29,45.25,17147
50,台灣50       ,2012/5/30,44.71,11745
50,台灣50       ,2012/5/31,44.76,13194
50,台灣50       ,2012/6/1,43.86,13961
50,台灣50       ,2012/6/4,42.55,37179
50,台灣50       ,2012/6/5,43.1,9722
50,台灣50       ,2012/6/6,43.4,5408
50,台灣50       ,2012/6/7,43.5,6003
50,台灣50       ,2012/6/8,42.84,12950
50,台灣50       ,2012/6/11,43.72,8363
50,台灣50       ,2012/6/12,43.38,5161
50,台灣50       ,2012/6/13,43.47,3990
50,台灣50       ,2012/6/14,43.53,3406
50,台灣50       ,2012/6/15,44.09,6219
50,台灣50       ,2012/6/18,44.8,9888
50,台灣50       ,2012/6/19,44.54,7268
50,台灣50       ,2012/6/20,45.02,9657
50,台灣50       ,2012/6/21,44.76,4587
50,台灣50       ,2012/6/22,44.23,6191
50,台灣50       ,2012/6/25,43.91,7112
50,台灣50       ,2012/6/26,43.72,15276
50,台灣50       ,2012/6/27,44.13,7521
50,台灣50       ,2012/6/28,44.2,10454
50,台灣50       ,2012/6/29,44.8,13651
50,台灣50       ,2012/7/2,45.16,9704
50,台灣50       ,2012/7/3,45.69,17112
50,台灣50       ,2012/7/4,45.87,9961
50,台灣50       ,2012/7/5,45.78,4998
50,台灣50       ,2012/7/6,45.51,11019
50,台灣50       ,2012/7/9,45.47,5879
50,台灣50       ,2012/7/10,44.98,9034
50,台灣50       ,2012/7/11,45.11,4163
50,台灣50       ,2012/7/12,44.31,15500
50,台灣50       ,2012/7/13,44.18,7929
50,台灣50       ,2012/7/16,44.18,6443
50,台灣50       ,2012/7/17,44.49,6753
50,台灣50       ,2012/7/18,43.91,8505
50,台灣50       ,2012/7/19,44.8,7663
50,台灣50       ,2012/7/20,44.76,5701
50,台灣50       ,2012/7/23,43.95,14881
50,台灣50       ,2012/7/24,43.84,22240
50,台灣50       ,2012/7/25,43.6,16634
50,台灣50       ,2012/7/26,43.68,8170
50,台灣50       ,2012/7/27,44.55,9753
50,台灣50       ,2012/7/30,44.84,10029
50,台灣50       ,2012/7/31,45.6,14837
50,台灣50       ,2012/8/1,45.69,6881
50,台灣50       ,2012/8/3,45.42,5086
50,台灣50       ,2012/8/6,46.01,11035
50,台灣50       ,2012/8/7,46.05,4202
50,台灣50       ,2012/8/8,46.18,9545
50,台灣50       ,2012/8/9,47.17,21225
50,台灣50       ,2012/8/10,47.12,11291
50,台灣50       ,2012/8/13,47.3,15662
50,台灣50       ,2012/8/14,47.52,16024
50,台灣50       ,2012/8/15,47.34,11946
50,台灣50       ,2012/8/16,47.48,7953
50,台灣50       ,2012/8/17,47.25,5270
50,台灣50       ,2012/8/20,47.12,9862
50,台灣50       ,2012/8/21,47.66,27066
50,台灣50       ,2012/8/22,47.61,5560
50,台灣50       ,2012/8/23,47.57,8522
50,台灣50       ,2012/8/24,47.39,11023
50,台灣50       ,2012/8/27,47.48,7381
50,台灣50       ,2012/8/28,46.85,9135
50,台灣50       ,2012/8/29,47.03,2819
50,台灣50       ,2012/8/30,46.9,6947
50,台灣50       ,2012/8/31,47.08,3002
50,台灣50       ,2012/9/3,47.43,7153
50,台灣50       ,2012/9/4,47.34,7304
50,台灣50       ,2012/9/5,46.72,5020
50,台灣50       ,2012/9/6,46.54,5866
50,台灣50       ,2012/9/7,47.25,7668
50,台灣50       ,2012/9/10,47.61,8807
50,台灣50       ,2012/9/11,47.57,8196
50,台灣50       ,2012/9/12,48.24,21342
50,台灣50       ,2012/9/13,48.33,11501
50,台灣50       ,2012/9/14,49.53,35619
50,台灣50       ,2012/9/17,49.62,20149
50,台灣50       ,2012/9/18,49.44,17291
50,台灣50       ,2012/9/19,49.66,20680
50,台灣50       ,2012/9/20,49.31,12362
50,台灣50       ,2012/9/21,49.49,11670
50,台灣50       ,2012/9/24,49.53,15113
50,台灣50       ,2012/9/25,49.35,7763
50,台灣50       ,2012/9/26,48.99,5912
50,台灣50       ,2012/9/27,49.17,4809
50,台灣50       ,2012/9/28,49.22,4580
50,台灣50       ,2012/10/1,49.08,4006
50,台灣50       ,2012/10/2,49.31,6552
50,台灣50       ,2012/10/3,49.08,3633
50,台灣50       ,2012/10/4,49.13,8104
50,台灣50       ,2012/10/5,49.17,11700
50,台灣50       ,2012/10/8,48.77,9556
50,台灣50       ,2012/10/9,48.55,8493
50,台灣50       ,2012/10/11,47.57,30659
50,台灣50       ,2012/10/12,47.43,16268
50,台灣50       ,2012/10/15,47.52,10241
50,台灣50       ,2012/10/16,47.75,8036
50,台灣50       ,2012/10/17,47.66,16203
50,台灣50       ,2012/10/18,47.88,11622
50,台灣50       ,2012/10/19,47.52,16779
50,台灣50       ,2012/10/22,47.21,13005
50,台灣50       ,2012/10/23,47.21,30800
50,台灣50       ,2012/10/24,47.16,18503
50,台灣50       ,2012/10/25,46.7,20563
50,台灣50       ,2012/10/26,46.16,26363
50,台灣50       ,2012/10/29,46.24,15100
50,台灣50       ,2012/10/30,46.65,12686
50,台灣50       ,2012/10/31,46.61,6854
50,台灣50       ,2012/11/1,46.56,16368
50,台灣50       ,2012/11/2,46.89,7148
50,台灣50       ,2012/11/5,46.7,8125
50,台灣50       ,2012/11/6,47.07,9619
50,台灣50       ,2012/11/7,47.3,11045
50,台灣50       ,2012/11/8,46.93,9785
50,台灣50       ,2012/11/9,47.26,10005
50,台灣50       ,2012/11/12,47.07,7505
50,台灣50       ,2012/11/13,46.29,14839
50,台灣50       ,2012/11/14,46.38,7656
50,台灣50       ,2012/11/15,46.24,11845
50,台灣50       ,2012/11/16,46.18,13698
50,台灣50       ,2012/11/19,46.47,4365
50,台灣50       ,2012/11/20,46.56,4985
50,台灣50       ,2012/11/21,46.21,13326
50,台灣50       ,2012/11/22,46.42,7869
50,台灣50       ,2012/11/23,47.81,19224
50,台灣50       ,2012/11/26,48.27,13124
50,台灣50       ,2012/11/27,48.46,8538
50,台灣50       ,2012/11/28,48.5,4523
50,台灣50       ,2012/11/29,49.11,19857
50,台灣50       ,2012/11/30,49.52,29758
50,台灣50       ,2012/12/3,49.48,11201
50,台灣50       ,2012/12/4,49.43,10697
50,台灣50       ,2012/12/5,49.71,13587
50,台灣50       ,2012/12/6,49.57,11294
50,台灣50       ,2012/12/7,49.85,16314
50,台灣50       ,2012/12/10,49.66,9932
50,台灣50       ,2012/12/11,49.61,8904
50,台灣50       ,2012/12/12,50.03,18649
50,台灣50       ,2012/12/13,50.59,22337
50,台灣50       ,2012/12/14,50.12,9058
50,台灣50       ,2012/12/17,49.48,5560
50,台灣50       ,2012/12/18,49.52,6360
50,台灣50       ,2012/12/19,49.66,4659
50,台灣50       ,2012/12/20,49.06,7276
50,台灣50       ,2012/12/21,48.83,11689
50,台灣50       ,2012/12/22,48.97,4238
50,台灣50       ,2012/12/24,48.74,4391
50,台灣50       ,2012/12/25,49.57,11578
50,台灣50       ,2012/12/26,49.48,18127
50,台灣50       ,2012/12/27,49.43,11013
50,台灣50       ,2012/12/28,49.75,19932
50,台灣50       ,2013/1/2,50.31,16487
50,台灣50       ,2013/1/3,50.72,29020
50,台灣50       ,2013/1/4,50.4,9837
50,台灣50       ,2013/1/7,50.17,8910
50,台灣50       ,2013/1/8,49.85,12507
50,台灣50       ,2013/1/9,50.03,7529
50,台灣50       ,2013/1/10,50.4,13953
50,台灣50       ,2013/1/11,50.35,11837
50,台灣50       ,2013/1/14,50.4,7282
50,台灣50       ,2013/1/15,49.94,6609
50,台灣50       ,2013/1/16,49.66,8142
50,台灣50       ,2013/1/17,49.29,10084
50,台灣50       ,2013/1/18,49.89,5410
50,台灣50       ,2013/1/21,49.85,4525
50,台灣50       ,2013/1/22,49.98,10501
50,台灣50       ,2013/1/23,49.94,7266
50,台灣50       ,2013/1/24,49.66,11334
50,台灣50       ,2013/1/25,49.48,8521
50,台灣50       ,2013/1/28,49.71,8708
50,台灣50       ,2013/1/29,50.4,21973
50,台灣50       ,2013/1/30,50.49,21672
50,台灣50       ,2013/1/31,50.49,12643
50,台灣50       ,2013/2/1,50.68,15057
50,台灣50       ,2013/2/4,51.05,30980
50,台灣50       ,2013/2/5,50.86,15988
50,台灣50       ,2013/2/6,51.23,29434
50,台灣50       ,2013/2/18,51.42,29739
50,台灣50       ,2013/2/19,51.46,16817
50,台灣50       ,2013/2/20,51.88,21814
50,台灣50       ,2013/2/21,51.51,9951
50,台灣50       ,2013/2/22,51.33,9130
50,台灣50       ,2013/2/23,51.6,6375
50,台灣50       ,2013/2/25,51.51,10431
50,台灣50       ,2013/2/26,50.96,6753
50,台灣50       ,2013/2/27,51.05,4605
50,台灣50       ,2013/3/1,51.23,5730
50,台灣50       ,2013/3/4,50.63,8270
50,台灣50       ,2013/3/5,51.05,16081
50,台灣50       ,2013/3/6,51.28,4640
50,台灣50       ,2013/3/7,51.23,5956
50,台灣50       ,2013/3/8,51.6,12380
50,台灣50       ,2013/3/11,51.7,12066
50,台灣50       ,2013/3/12,51.37,7442
50,台灣50       ,2013/3/13,51.46,10205
50,台灣50       ,2013/3/14,51.42,12133
50,台灣50       ,2013/3/15,51.05,9551
50,台灣50       ,2013/3/18,50.4,13219
50,台灣50       ,2013/3/19,50.49,3373
50,台灣50       ,2013/3/20,50.17,8821
50,台灣50       ,2013/3/21,50.22,4929
50,台灣50       ,2013/3/22,50.08,8202
50,台灣50       ,2013/3/25,50.45,2648
50,台灣50       ,2013/3/26,50.45,1956
50,台灣50       ,2013/3/27,50.59,4540
50,台灣50       ,2013/3/28,50.45,3315
50,台灣50       ,2013/3/29,50.96,5875
50,台灣50       ,2013/4/1,50.86,3729
50,台灣50       ,2013/4/2,50.72,4937
50,台灣50       ,2013/4/3,50.86,2925
50,台灣50       ,2013/4/8,49.8,18559
50,台灣50       ,2013/4/9,49.66,7681
50,台灣50       ,2013/4/10,49.75,3118
50,台灣50       ,2013/4/11,50.26,9842
50,台灣50       ,2013/4/12,50.26,2297
50,台灣50       ,2013/4/15,49.85,4111
50,台灣50       ,2013/4/16,49.94,5150
50,台灣50       ,2013/4/17,49.85,4995
50,台灣50       ,2013/4/18,49.8,5605
50,台灣50       ,2013/4/19,51.28,22459
50,台灣50       ,2013/4/22,51.23,11412
50,台灣50       ,2013/4/23,50.96,3673
50,台灣50       ,2013/4/24,51.37,12432
50,台灣50       ,2013/4/25,51.46,11885
50,台灣50       ,2013/4/26,51.65,11113
50,台灣50       ,2013/4/29,51.6,8140
50,台灣50       ,2013/4/30,52.16,17616
50,台灣50       ,2013/5/2,52.3,15919
50,台灣50       ,2013/5/3,52.39,13217
50,台灣50       ,2013/5/6,52.62,8575
50,台灣50       ,2013/5/7,52.8,14262
50,台灣50       ,2013/5/8,53.5,21793
50,台灣50       ,2013/5/9,53.82,17797
50,台灣50       ,2013/5/10,53.54,9240
50,台灣50       ,2013/5/13,53.41,6700
50,台灣50       ,2013/5/14,53.54,10934
50,台灣50       ,2013/5/15,53.59,11719
50,台灣50       ,2013/5/16,54.28,32187
50,台灣50       ,2013/5/17,54.01,8651
50,台灣50       ,2013/5/20,53.91,7993
50,台灣50       ,2013/5/21,53.91,6989
50,台灣50       ,2013/5/22,53.87,7429
50,台灣50       ,2013/5/23,52.71,14865
50,台灣50       ,2013/5/24,52.57,6949
50,台灣50       ,2013/5/27,53.04,3285
50,台灣50       ,2013/5/28,52.85,2342
50,台灣50       ,2013/5/29,53.31,7988
50,台灣50       ,2013/5/30,52.67,8823
50,台灣50       ,2013/5/31,52.67,9240
50,台灣50       ,2013/6/3,52.43,6538
50,台灣50       ,2013/6/4,52.34,4243
50,台灣50       ,2013/6/5,52.34,3459
50,台灣50       ,2013/6/6,51.7,15077
50,台灣50       ,2013/6/7,51.83,9058
50,台灣50       ,2013/6/10,52.25,3505
50,台灣50       ,2013/6/11,52.11,4689
50,台灣50       ,2013/6/13,50.86,33023
50,台灣50       ,2013/6/14,50.68,18099
50,台灣50       ,2013/6/17,51,5347
50,台灣50       ,2013/6/18,51.23,8771
50,台灣50       ,2013/6/19,51.14,6076
50,台灣50       ,2013/6/20,50.17,25487
50,台灣50       ,2013/6/21,49.57,34639
50,台灣50       ,2013/6/24,49.38,21260
50,台灣50       ,2013/6/25,49.01,19437
50,台灣50       ,2013/6/26,49.66,9915
50,台灣50       ,2013/6/27,50.26,22275
50,台灣50       ,2013/6/28,50.96,13714
50,台灣50       ,2013/7/1,51.42,13788
50,台灣50       ,2013/7/2,51.33,4672
50,台灣50       ,2013/7/3,50.72,7004
50,台灣50       ,2013/7/4,50.82,4877
50,台灣50       ,2013/7/5,51.83,17674
50,台灣50       ,2013/7/8,50.86,8666
50,台灣50       ,2013/7/9,51.46,4074
50,台灣50       ,2013/7/10,51.6,9107
50,台灣50       ,2013/7/11,52.9,30308
50,台灣50       ,2013/7/12,53.04,12910
50,台灣50       ,2013/7/15,53.17,14187
50,台灣50       ,2013/7/16,53.17,9554
50,台灣50       ,2013/7/17,53.27,12990
50,台灣50       ,2013/7/18,52.9,12640
50,台灣50       ,2013/7/19,51.74,24692
50,台灣50       ,2013/7/22,51.93,5257
50,台灣50       ,2013/7/23,52.76,8971
50,台灣50       ,2013/7/24,52.62,4960
50,台灣50       ,2013/7/25,52.71,4111
50,台灣50       ,2013/7/26,52.62,4896
50,台灣50       ,2013/7/29,52.25,5925
50,台灣50       ,2013/7/30,52.67,10121
50,台灣50       ,2013/7/31,52.34,4383
50,台灣50       ,2013/8/1,51.97,7468
50,台灣50       ,2013/8/2,52.3,6840
50,台灣50       ,2013/8/5,52.43,2877
50,台灣50       ,2013/8/6,51.7,20739
50,台灣50       ,2013/8/7,50.96,21061
50,台灣50       ,2013/8/8,50.77,25089
50,台灣50       ,2013/8/9,50.72,25862
50,台灣50       ,2013/8/12,50.86,12024
50,台灣50       ,2013/8/13,51.37,7627
50,台灣50       ,2013/8/14,51.23,11120
50,台灣50       ,2013/8/15,50.86,17432
50,台灣50       ,2013/8/16,51.09,17785
50,台灣50       ,2013/8/19,50.96,8438
50,台灣50       ,2013/8/20,50.49,19856
50,台灣50       ,2013/8/22,50.08,30612
50,台灣50       ,2013/8/23,50.72,16798
50,台灣50       ,2013/8/26,50.96,6650
50,台灣50       ,2013/8/27,50.49,7339
50,台灣50       ,2013/8/28,50.63,9583
50,台灣50       ,2013/8/29,51.33,12791
50,台灣50       ,2013/8/30,51.65,11435
50,台灣50       ,2013/9/2,52.06,20804
50,台灣50       ,2013/9/3,52.39,20556
50,台灣50       ,2013/9/4,52.3,10480
50,台灣50       ,2013/9/5,52.62,21411
50,台灣50       ,2013/9/6,52.71,22393
50,台灣50       ,2013/9/9,52.9,17058
50,台灣50       ,2013/9/10,53.04,23422
50,台灣50       ,2013/9/11,53.17,20577
50,台灣50       ,2013/9/12,53.22,12988
50,台灣50       ,2013/9/13,52.8,5616
50,台灣50       ,2013/9/14,52.8,6236
50,台灣50       ,2013/9/16,53.45,14816
50,台灣50       ,2013/9/17,53.41,6240
50,台灣50       ,2013/9/18,53.22,14816
50,台灣50       ,2013/9/23,53.64,10272
50,台灣50       ,2013/9/24,53.68,10109
50,台灣50       ,2013/9/25,53.45,4177
50,台灣50       ,2013/9/26,52.94,4355
50,台灣50       ,2013/9/27,53.08,4768
50,台灣50       ,2013/9/30,52.85,16694
50,台灣50       ,2013/10/1,52.85,15431
50,台灣50       ,2013/10/2,53.04,11303
50,台灣50       ,2013/10/3,54.15,23774
50,台灣50       ,2013/10/4,54.05,16689
50,台灣50       ,2013/10/7,53.54,4869
50,台灣50       ,2013/10/8,53.96,9440
50,台灣50       ,2013/10/9,53.82,6006
50,台灣50       ,2013/10/11,54.05,9045
50,台灣50       ,2013/10/14,53.64,6623
50,台灣50       ,2013/10/15,54.1,8042
50,台灣50       ,2013/10/16,53.87,7029
50,台灣50       ,2013/10/17,54.15,5062
50,台灣50       ,2013/10/18,54.61,14818
50,台灣50       ,2013/10/21,54.56,6552
50,台灣50       ,2013/10/22,54.56,7199
50,台灣50       ,2013/10/23,54.28,8639
50,台灣50       ,2013/10/24,54.47,7935
50,台灣50       ,2013/10/25,54.05,11177
50,台灣50       ,2013/10/28,54.43,6936
50,台灣50       ,2013/10/29,54.66,5790
50,台灣50       ,2013/10/30,54.81,4375
50,台灣50       ,2013/10/31,54.81,6045
50,台灣50       ,2013/11/1,54.52,6293
50,台灣50       ,2013/11/4,54.28,6647
50,台灣50       ,2013/11/5,53.76,7879
50,台灣50       ,2013/11/6,53.76,4717
50,台灣50       ,2013/11/7,53.62,4901
50,台灣50       ,2013/11/8,53.43,6209
50,台灣50       ,2013/11/11,53.29,8237
50,台灣50       ,2013/11/12,53.48,6243
50,台灣50       ,2013/11/13,52.77,17168
50,台灣50       ,2013/11/14,52.91,15583
50,台灣50       ,2013/11/15,53.15,12722
50,台灣50       ,2013/11/18,53.43,5565
50,台灣50       ,2013/11/19,53.76,8478
50,台灣50       ,2013/11/20,53.43,9701
50,台灣50       ,2013/11/21,52.49,35062
50,台灣50       ,2013/11/22,52.53,10937
50,台灣50       ,2013/11/25,53.24,10345
50,台灣50       ,2013/11/26,53.67,9878
50,台灣50       ,2013/11/27,53.95,8118
50,台灣50       ,2013/11/28,54.28,11237
50,台灣50       ,2013/11/29,54.47,14720
50,台灣50       ,2013/12/2,54.38,5600
50,台灣50       ,2013/12/3,54.43,7385
50,台灣50       ,2013/12/4,54.38,7401
50,台灣50       ,2013/12/5,54.05,6056
50,台灣50       ,2013/12/6,54.1,4023
50,台灣50       ,2013/12/9,54.57,8645
50,台灣50       ,2013/12/10,54.71,6866
50,台灣50       ,2013/12/11,54.76,10106
50,台灣50       ,2013/12/12,54.33,4216
50,台灣50       ,2013/12/13,54.28,5099
50,台灣50       ,2013/12/16,53.86,6971
50,台灣50       ,2013/12/17,54.14,3090
50,台灣50       ,2013/12/18,53.95,3488
50,台灣50       ,2013/12/19,54.28,6051
50,台灣50       ,2013/12/20,54.38,4317
50,台灣50       ,2013/12/23,54.76,9016
50,台灣50       ,2013/12/24,54.71,5052
50,台灣50       ,2013/12/25,54.76,3321
50,台灣50       ,2013/12/26,54.76,3417
50,台灣50       ,2013/12/27,55.18,12606
50,台灣50       ,2013/12/30,55.66,18118
50,台灣50       ,2013/12/31,55.56,12256
50,台灣50       ,2014/1/2,55.42,10762
50,台灣50       ,2014/1/3,54.76,14509
50,台灣50       ,2014/1/6,54.62,14870
50,台灣50       ,2014/1/7,54.62,13128
50,台灣50       ,2014/1/8,54.71,7605
50,台灣50       ,2014/1/9,54.47,8571
50,台灣50       ,2014/1/10,54.47,4741
50,台灣50       ,2014/1/13,54.81,6179
50,台灣50       ,2014/1/14,54.71,4276
50,台灣50       ,2014/1/15,55.28,11675
50,台灣50       ,2014/1/16,55.42,12771
50,台灣50       ,2014/1/17,55.51,8169
50,台灣50       ,2014/1/20,55.66,5627
50,台灣50       ,2014/1/21,55.42,6963
50,台灣50       ,2014/1/22,55.51,6838
50,台灣50       ,2014/1/23,55.37,6904
50,台灣50       ,2014/1/24,55.51,10706
50,台灣50       ,2014/1/27,54.52,21325
50,台灣50       ,2014/2/5,52.82,57559
50,台灣50       ,2014/2/6,53.01,12853
50,台灣50       ,2014/2/7,53.57,16027
50,台灣50       ,2014/2/10,53.57,6020
50,台灣50       ,2014/2/11,53.91,5582
50,台灣50       ,2014/2/12,54.47,18604
50,台灣50       ,2014/2/13,54.33,8235
50,台灣50       ,2014/2/14,54.85,22328
50,台灣50       ,2014/2/17,54.85,15434
50,台灣50       ,2014/2/18,55.04,13088
50,台灣50       ,2014/2/19,55.04,13366
50,台灣50       ,2014/2/20,54.57,13737
50,台灣50       ,2014/2/21,55.09,17317
50,台灣50       ,2014/2/24,54.81,7368
50,台灣50       ,2014/2/25,55.04,8621
50,台灣50       ,2014/2/26,55.28,8953
50,台灣50       ,2014/2/27,55.18,3676
50,台灣50       ,2014/3/3,54.85,8020
50,台灣50       ,2014/3/4,54.62,6185
50,台灣50       ,2014/3/5,55.18,6901
50,台灣50       ,2014/3/6,55.99,26226
50,台灣50       ,2014/3/7,56.22,30394
50,台灣50       ,2014/3/10,55.89,7930
50,台灣50       ,2014/3/11,56.18,4967
50,台灣50       ,2014/3/12,55.66,2671
50,台灣50       ,2014/3/13,56.56,25692
50,台灣50       ,2014/3/14,55.99,13449
50,台灣50       ,2014/3/17,55.89,8983
50,台灣50       ,2014/3/18,56.22,14863
50,台灣50       ,2014/3/19,56.08,9855
50,台灣50       ,2014/3/20,55.37,18482
50,台灣50       ,2014/3/21,55.37,4142
50,台灣50       ,2014/3/24,55.51,11346
50,台灣50       ,2014/3/25,55.99,4915
50,台灣50       ,2014/3/26,56.51,9980
50,台灣50       ,2014/3/27,56.6,11258
50,台灣50       ,2014/3/28,56.7,20164
50,台灣50       ,2014/3/31,56.89,17186
50,台灣50       ,2014/4/1,57.36,28836
50,台灣50       ,2014/4/2,57.55,19104
50,台灣50       ,2014/4/3,57.41,12620
50,台灣50       ,2014/4/7,57.27,11380
50,台灣50       ,2014/4/8,57.55,14011
50,台灣50       ,2014/4/9,57.74,12067
50,台灣50       ,2014/4/10,57.93,13486
50,台灣50       ,2014/4/11,57.88,15019
50,台灣50       ,2014/4/14,57.79,13397
50,台灣50       ,2014/4/15,58.07,13893
50,台灣50       ,2014/4/16,58.02,7049
50,台灣50       ,2014/4/17,57.88,3531
50,台灣50       ,2014/4/18,58.26,7072
50,台灣50       ,2014/4/21,58.26,3405
50,台灣50       ,2014/4/22,58.45,9137
50,台灣50       ,2014/4/23,58.35,5487
50,台灣50       ,2014/4/24,58.45,4518
50,台灣50       ,2014/4/25,57.46,22903
50,台灣50       ,2014/4/28,57.98,8482
50,台灣50       ,2014/4/29,58.07,6518
50,台灣50       ,2014/4/30,57.74,5598
50,台灣50       ,2014/5/2,58.02,7646
50,台灣50       ,2014/5/5,57.93,6845
50,台灣50       ,2014/5/6,58.26,10313
50,台灣50       ,2014/5/7,58.12,7877
50,台灣50       ,2014/5/8,58.54,3831
50,台灣50       ,2014/5/9,58.17,3932
50,台灣50       ,2014/5/12,57.88,3933
50,台灣50       ,2014/5/13,58.17,5610
50,台灣50       ,2014/5/14,58.5,10739
50,台灣50       ,2014/5/15,58.45,8903
50,台灣50       ,2014/5/16,58.54,9138
50,台灣50       ,2014/5/19,58.54,7165
50,台灣50       ,2014/5/20,58.78,9946
50,台灣50       ,2014/5/21,58.5,6524
50,台灣50       ,2014/5/22,59.3,14665
50,台灣50       ,2014/5/23,59.4,13448
50,台灣50       ,2014/5/26,59.68,8643
50,台灣50       ,2014/5/27,59.73,8034
50,台灣50       ,2014/5/28,60.29,11647
50,台灣50       ,2014/5/29,60.01,9544
50,台灣50       ,2014/5/30,59.73,6715
50,台灣50       ,2014/6/3,59.77,5110
50,台灣50       ,2014/6/4,60.01,3390
50,台灣50       ,2014/6/5,60.01,1703
50,台灣50       ,2014/6/6,60.15,3489
50,台灣50       ,2014/6/9,60.39,3894
50,台灣50       ,2014/6/10,60.77,6843
50,台灣50       ,2014/6/11,60.72,5038
50,台灣50       ,2014/6/12,60.58,4508
50,台灣50       ,2014/6/13,60.44,3322
50,台灣50       ,2014/6/16,60.48,2605
50,台灣50       ,2014/6/17,60.91,3853
50,台灣50       ,2014/6/18,61.05,9534
50,台灣50       ,2014/6/19,61.48,9933
50,台灣50       ,2014/6/20,61.29,3557
50,台灣50       ,2014/6/23,61.24,13750
50,台灣50       ,2014/6/24,61.34,7963
50,台灣50       ,2014/6/25,61.19,7516
50,台灣50       ,2014/6/26,61.86,9208
50,台灣50       ,2014/6/27,61.86,9225
50,台灣50       ,2014/6/30,62.42,7584
50,台灣50       ,2014/7/1,62.99,9614
50,台灣50       ,2014/7/2,63.51,11640
50,台灣50       ,2014/7/3,64.08,8115
50,台灣50       ,2014/7/4,64.08,7081
50,台灣50       ,2014/7/7,63.99,5515
50,台灣50       ,2014/7/8,64.13,5506
50,台灣50       ,2014/7/9,64.22,3129
50,台灣50       ,2014/7/10,64.7,5627
50,台灣50       ,2014/7/11,64.65,7800
50,台灣50       ,2014/7/14,65.03,3077
50,台灣50       ,2014/7/15,65.26,3956
50,台灣50       ,2014/7/16,64.7,5002
50,台灣50       ,2014/7/17,63.89,8012
50,台灣50       ,2014/7/18,63.89,6375
50,台灣50       ,2014/7/21,63.89,5309
50,台灣50       ,2014/7/22,64.46,4156
50,台灣50       ,2014/7/24,64.74,3849
50,台灣50       ,2014/7/25,64.03,5548
50,台灣50       ,2014/7/28,63.89,2764
50,台灣50       ,2014/7/29,63.84,7204
50,台灣50       ,2014/7/30,64.22,2800
50,台灣50       ,2014/7/31,63.18,11131
50,台灣50       ,2014/8/1,62.71,12831
50,台灣50       ,2014/8/4,63.04,3754
50,台灣50       ,2014/8/5,61.76,19581
50,台灣50       ,2014/8/6,62.19,6860
50,台灣50       ,2014/8/7,62.19,6005
50,台灣50       ,2014/8/8,62.19,14251
50,台灣50       ,2014/8/11,62.52,8083
50,台灣50       ,2014/8/12,62.57,4360
50,台灣50       ,2014/8/13,63.18,5217
50,台灣50       ,2014/8/14,63.51,5985
50,台灣50       ,2014/8/15,63.51,3889
50,台灣50       ,2014/8/18,63.32,2431
50,台灣50       ,2014/8/19,64.13,6729
50,台灣50       ,2014/8/20,64.37,8462
50,台灣50       ,2014/8/21,64.27,3052
50,台灣50       ,2014/8/22,65.08,7540
50,台灣50       ,2014/8/25,64.98,2955
50,台灣50       ,2014/8/26,64.93,1734
50,台灣50       ,2014/8/27,65.55,7614
50,台灣50       ,2014/8/28,65.64,3895
50,台灣50       ,2014/8/29,65.5,2432
50,台灣50       ,2014/9/1,66.07,5273
50,台灣50       ,2014/9/2,65.08,17741
50,台灣50       ,2014/9/3,65.55,6908
50,台灣50       ,2014/9/4,65.31,5388
50,台灣50       ,2014/9/5,65.31,7409
50,台灣50       ,2014/9/9,65.55,7410
50,台灣50       ,2014/9/10,64.98,17854
50,台灣50       ,2014/9/11,64.74,8677
50,台灣50       ,2014/9/12,64.13,19509
50,台灣50       ,2014/9/15,64.13,13125
50,台灣50       ,2014/9/16,63.61,18030
50,台灣50       ,2014/9/17,64.08,16515
50,台灣50       ,2014/9/18,64.22,16231
50,台灣50       ,2014/9/19,64.37,12117
50,台灣50       ,2014/9/22,63.37,27057
50,台灣50       ,2014/9/23,63.23,14803
50,台灣50       ,2014/9/24,62.99,25198
50,台灣50       ,2014/9/25,62.42,23056
50,台灣50       ,2014/9/26,62.09,23172
50,台灣50       ,2014/9/29,61.9,17179
50,台灣50       ,2014/9/30,61.81,20703
50,台灣50       ,2014/10/1,62,17507
50,台灣50       ,2014/10/2,62,11487
50,台灣50       ,2014/10/3,63.13,16238
50,台灣50       ,2014/10/6,63.09,6657
50,台灣50       ,2014/10/7,62.57,11314
50,台灣50       ,2014/10/8,62.19,8106
50,台灣50       ,2014/10/9,62.47,15003
50,台灣50       ,2014/10/13,60.58,19670
50,台灣50       ,2014/10/14,61.1,12914
50,台灣50       ,2014/10/15,60.67,14412
50,台灣50       ,2014/10/16,60.58,24720
50,台灣50       ,2014/10/17,59.96,15739
50,台灣50       ,2014/10/20,61.15,10883
50,台灣50       ,2014/10/21,60.86,7237
50,台灣50       ,2014/10/22,61.81,9342
50,台灣50       ,2014/10/23,61.57,7088
50,台灣50       ,2014/10/24,61.14,22503
50,台灣50       ,2014/10/27,61.33,8078
50,台灣50       ,2014/10/28,62.4,11178
50,台灣50       ,2014/10/29,63.03,9403
50,台灣50       ,2014/10/30,62.83,9083
50,台灣50       ,2014/10/31,63.32,16609
50,台灣50       ,2014/11/3,63.61,10607
50,台灣50       ,2014/11/4,63.66,11030
50,台灣50       ,2014/11/5,63.51,10539
50,台灣50       ,2014/11/6,63.12,21140
50,台灣50       ,2014/11/7,63.22,10652
50,台灣50       ,2014/11/10,64.14,16374
50,台灣50       ,2014/11/11,63.95,15092
50,台灣50       ,2014/11/12,63.03,18800
50,台灣50       ,2014/11/13,63.66,10844
50,台灣50       ,2014/11/14,63.71,11059
50,台灣50       ,2014/11/17,63.12,17461
50,台灣50       ,2014/11/18,62.93,9940
50,台灣50       ,2014/11/19,63.85,18485
50,台灣50       ,2014/11/20,64.58,20762
50,台灣50       ,2014/11/21,64.63,11947
50,台灣50       ,2014/11/24,64.77,13197
50,台灣50       ,2014/11/25,64.82,13192
50,台灣50       ,2014/11/26,64.82,8909
50,台灣50       ,2014/11/27,65.45,16528
50,台灣50       ,2014/11/28,65.45,9382
50,台灣50       ,2014/12/1,64.77,21282
50,台灣50       ,2014/12/2,63.8,19739
50,台灣50       ,2014/12/3,64.82,11865
50,台灣50       ,2014/12/4,65.06,11366
50,台灣50       ,2014/12/5,64.82,4318
50,台灣50       ,2014/12/8,64.34,7633
50,台灣50       ,2014/12/9,64.19,4620
50,台灣50       ,2014/12/10,63.32,12851
50,台灣50       ,2014/12/11,63.27,6920
50,台灣50       ,2014/12/12,63.32,4477
50,台灣50       ,2014/12/15,63.12,10562
50,台灣50       ,2014/12/16,62.59,12711
50,台灣50       ,2014/12/17,61.62,19575
50,台灣50       ,2014/12/18,61.77,8593
50,台灣50       ,2014/12/19,63.22,17192
50,台灣50       ,2014/12/22,64,7443
50,台灣50       ,2014/12/23,63.8,5242
50,台灣50       ,2014/12/24,64.29,6957
50,台灣50       ,2014/12/25,64.29,4417
50,台灣50       ,2014/12/26,64.43,21313
50,台灣50       ,2014/12/27,64.58,3791
50,台灣50       ,2014/12/29,65.16,11101
50,台灣50       ,2014/12/30,64.82,8583
50,台灣50       ,2014/12/31,64.82,7418
50,台灣50       ,2015/1/5,64.53,6295
50,台灣50       ,2015/1/6,62.93,19501
50,台灣50       ,2015/1/7,63.03,6991
50,台灣50       ,2015/1/8,64.48,13153
50,台灣50       ,2015/1/9,64.14,5891
50,台灣50       ,2015/1/12,63.75,9060
50,台灣50       ,2015/1/13,63.95,6151
50,台灣50       ,2015/1/14,63.61,7205
50,台灣50       ,2015/1/15,63.8,3525
50,台灣50       ,2015/1/16,63.51,9317
50,台灣50       ,2015/1/19,64.24,17591
50,台灣50       ,2015/1/20,64.72,10097
50,台灣50       ,2015/1/21,65.21,17556
50,台灣50       ,2015/1/22,65.55,16125
50,台灣50       ,2015/1/23,66.62,35859
50,台灣50       ,2015/1/26,66.62,20460
50,台灣50       ,2015/1/27,67.05,36217
50,台灣50       ,2015/1/28,67.05,35993
50,台灣50       ,2015/1/29,66.23,19790
50,台灣50       ,2015/1/30,65.94,4264
50,台灣50       ,2015/2/2,66.08,5810
50,台灣50       ,2015/2/3,66.57,16645
50,台灣50       ,2015/2/4,67.29,20357
50,台灣50       ,2015/2/5,67,4783
50,台灣50       ,2015/2/6,66.66,4107
50,台灣50       ,2015/2/9,66.42,3512
50,台灣50       ,2015/2/10,66.18,8023
50,台灣50       ,2015/2/11,66.91,7199
50,台灣50       ,2015/2/12,66.91,9310
50,台灣50       ,2015/2/13,67.34,7599
50,台灣50       ,2015/2/24,68.12,14549
50,台灣50       ,2015/2/25,68.65,23253
50,台灣50       ,2015/2/26,68.17,8688
50,台灣50       ,2015/3/2,67.88,6589
50,台灣50       ,2015/3/3,67.78,5067
50,台灣50       ,2015/3/4,67.83,6414
50,台灣50       ,2015/3/5,67.58,3761
50,台灣50       ,2015/3/6,67.68,3067
50,台灣50       ,2015/3/9,67,7464
50,台灣50       ,2015/3/10,66.86,6958
50,台灣50       ,2015/3/11,66.95,10039
50,台灣50       ,2015/3/12,67.54,5710
50,台灣50       ,2015/3/13,67.34,4527
50,台灣50       ,2015/3/16,66.81,6079
50,台灣50       ,2015/3/17,67.05,7096
50,台灣50       ,2015/3/18,67.78,18621
50,台灣50       ,2015/3/19,68.51,12488
50,台灣50       ,2015/3/20,68.41,4499
50,台灣50       ,2015/3/23,68.6,7600
50,台灣50       ,2015/3/24,68.36,4504
50,台灣50       ,2015/3/25,68.12,4458
50,台灣50       ,2015/3/26,67.29,9508
50,台灣50       ,2015/3/27,66.66,10014
50,台灣50       ,2015/3/30,66.71,10353
50,台灣50       ,2015/3/31,66.95,7643
50,台灣50       ,2015/4/1,66.57,8234
50,台灣50       ,2015/4/2,67.39,7800
50,台灣50       ,2015/4/7,67.49,3447
50,台灣50       ,2015/4/8,66.91,5069
50,台灣50       ,2015/4/9,67,6205
50,台灣50       ,2015/4/10,67.54,4600
50,台灣50       ,2015/4/13,67.73,4199
50,台灣50       ,2015/4/14,67.39,4562
50,台灣50       ,2015/4/15,66.57,17266
50,台灣50       ,2015/4/16,67.58,15774
50,台灣50       ,2015/4/17,66.95,9237
50,台灣50       ,2015/4/20,66.86,9571
50,台灣50       ,2015/4/21,66.86,2864
50,台灣50       ,2015/4/22,67.54,11311
50,台灣50       ,2015/4/23,69.33,24334
50,台灣50       ,2015/4/24,70.01,26527
50,台灣50       ,2015/4/27,70.54,13281
50,台灣50       ,2015/4/28,70.4,16465
50,台灣50       ,2015/4/29,69.62,10074
50,台灣50       ,2015/4/30,69.28,6780
50,台灣50       ,2015/5/4,69.43,5381
50,台灣50       ,2015/5/5,69.04,6801
50,台灣50       ,2015/5/6,69.14,6603
50,台灣50       ,2015/5/7,68.31,10204
50,台灣50       ,2015/5/8,68.36,5647
50,台灣50       ,2015/5/11,68.7,11222
50,台灣50       ,2015/5/12,68.55,9064
50,台灣50       ,2015/5/13,68.94,6874
50,台灣50       ,2015/5/14,67.97,16520
50,台灣50       ,2015/5/15,67.88,11642
50,台灣50       ,2015/5/18,68.12,3248
50,台灣50       ,2015/5/19,69.14,8458
50,台灣50       ,2015/5/20,68.65,7530
50,台灣50       ,2015/5/21,68.02,11567
50,台灣50       ,2015/5/22,68.55,6152
50,台灣50       ,2015/5/25,68.55,2391
50,台灣50       ,2015/5/26,68.85,7521
50,台灣50       ,2015/5/27,68.99,5812
50,台灣50       ,2015/5/28,69.33,5790
50,台灣50       ,2015/5/29,68.94,4900
50,台灣50       ,2015/6/1,68.36,7850
50,台灣50       ,2015/6/2,68.26,4867
50,台灣50       ,2015/6/3,67.83,6558
50,台灣50       ,2015/6/4,66.52,28182
50,台灣50       ,2015/6/5,66.37,15106
50,台灣50       ,2015/6/8,66.81,9094
50,台灣50       ,2015/6/9,66.28,18429
50,台灣50       ,2015/6/10,66.57,8666
50,台灣50       ,2015/6/11,66.76,7352
50,台灣50       ,2015/6/12,66.71,3175
50,台灣50       ,2015/6/15,66.57,3761
50,台灣50       ,2015/6/16,66.13,8681
50,台灣50       ,2015/6/17,66.42,5564
50,台灣50       ,2015/6/18,66.32,10688
50,台灣50       ,2015/6/22,67.25,11310
50,台灣50       ,2015/6/23,67.44,5311
50,台灣50       ,2015/6/24,67.54,6127
50,台灣50       ,2015/6/25,68.31,13815
50,台灣50       ,2015/6/26,68.31,4926
50,台灣50       ,2015/6/29,66.71,11576
50,台灣50       ,2015/6/30,67.29,4093
50,台灣50       ,2015/7/1,67.92,6063
50,台灣50       ,2015/7/2,67.97,4340
50,台灣50       ,2015/7/3,67.97,7762
50,台灣50       ,2015/7/6,67.2,7584
50,台灣50       ,2015/7/7,67.49,4706
50,台灣50       ,2015/7/8,65.45,37899
50,台灣50       ,2015/7/9,65.06,33083
50,台灣50       ,2015/7/13,66.03,15806
50,台灣50       ,2015/7/14,66.03,9618
50,台灣50       ,2015/7/15,66.18,8865
50,台灣50       ,2015/7/16,66.52,6939
50,台灣50       ,2015/7/17,66.42,3432
50,台灣50       ,2015/7/20,65.94,7832
50,台灣50       ,2015/7/21,66.57,3363
50,台灣50       ,2015/7/22,65.74,14139
50,台灣50       ,2015/7/23,65.11,20981
50,台灣50       ,2015/7/24,64.72,19922
50,台灣50       ,2015/7/27,63.8,28446
50,台灣50       ,2015/7/28,63.85,17518
50,台灣50       ,2015/7/29,63.42,18492
50,台灣50       ,2015/7/30,64.48,7473
50,台灣50       ,2015/7/31,64.14,11169
50,台灣50       ,2015/8/3,63.27,15758
50,台灣50       ,2015/8/4,63.32,12310
50,台灣50       ,2015/8/5,63.71,9875
50,台灣50       ,2015/8/6,63.03,23620
50,台灣50       ,2015/8/7,62.74,6898
50,台灣50       ,2015/8/10,62.59,10082
50,台灣50       ,2015/8/11,62.59,17411
50,台灣50       ,2015/8/12,61.52,24218
50,台灣50       ,2015/8/13,61.62,16147
50,台灣50       ,2015/8/14,61.38,8405
50,台灣50       ,2015/8/17,60.99,13852
50,台灣50       ,2015/8/18,60.65,9841
50,台灣50       ,2015/8/19,59.73,17595
50,台灣50       ,2015/8/20,59.54,19329
50,台灣50       ,2015/8/21,57.99,28076
50,台灣50       ,2015/8/24,55.75,61317
50,台灣50       ,2015/8/25,58.18,43487
50,台灣50       ,2015/8/26,58.52,17123
50,台灣50       ,2015/8/27,58.32,18326
50,台灣50       ,2015/8/28,59.92,18684
50,台灣50       ,2015/8/31,60.41,18957
50,台灣50       ,2015/9/1,59.88,12340
50,台灣50       ,2015/9/2,60.22,18170
50,台灣50       ,2015/9/3,60.26,7543
50,台灣50       ,2015/9/4,59.49,15808
50,台灣50       ,2015/9/7,59.39,10155
50,台灣50       ,2015/9/8,59.59,9642
50,台灣50       ,2015/9/9,62.2,24002
50,台灣50       ,2015/9/10,61.52,10184
50,台灣50       ,2015/9/11,61.57,7961
50,台灣50       ,2015/9/14,61.72,4389
50,台灣50       ,2015/9/15,61.23,5767
50,台灣50       ,2015/9/16,61.96,7422
50,台灣50       ,2015/9/17,63.03,12909
50,台灣50       ,2015/9/18,62.88,3507
50,台灣50       ,2015/9/21,61.52,9987
50,台灣50       ,2015/9/22,61.86,4330
50,台灣50       ,2015/9/23,60.46,10045
50,台灣50       ,2015/9/24,60.12,7364
50,台灣50       ,2015/9/25,60.36,5982
50,台灣50       ,2015/9/30,60.51,8574
50,台灣50       ,2015/10/1,61.67,11986
50,台灣50       ,2015/10/2,61.33,7571
50,台灣50       ,2015/10/5,61.48,5383
50,台灣50       ,2015/10/6,61.96,8300
50,台灣50       ,2015/10/7,62.88,8637
50,台灣50       ,2015/10/8,62.74,12360
50,台灣50       ,2015/10/12,63.56,17465
50,台灣50       ,2015/10/13,63.32,7489
50,台灣50       ,2015/10/14,63.08,7135
50,台灣50       ,2015/10/15,64,14357
50,台灣50       ,2015/10/16,63.75,8189
50,台灣50       ,2015/10/19,63.95,7411
50,台灣50       ,2015/10/20,63.95,4526
50,台灣50       ,2015/10/21,63.51,11498
50,台灣50       ,2015/10/22,63.51,8066
50,台灣50       ,2015/10/23,63.9,20687
50,台灣50       ,2015/10/26,64.55,12082
50,台灣50       ,2015/10/27,64.2,5723
50,台灣50       ,2015/10/28,63.75,5075
50,台灣50       ,2015/10/29,63.3,8413
50,台灣50       ,2015/10/30,63.2,5991
50,台灣50       ,2015/11/2,63.3,4831
50,台灣50       ,2015/11/3,64.3,9293
50,台灣50       ,2015/11/4,65.55,16551
50,台灣50       ,2015/11/5,65.4,5902
50,台灣50       ,2015/11/6,64.1,11915
50,台灣50       ,2015/11/9,63.65,5532
50,台灣50       ,2015/11/10,62.9,8847
50,台灣50       ,2015/11/11,62.15,16293
50,台灣50       ,2015/11/12,62.25,14213
50,台灣50       ,2015/11/13,61.6,20384
50,台灣50       ,2015/11/16,61.15,13429
50,台灣50       ,2015/11/17,62.35,8728
50,台灣50       ,2015/11/18,61.4,14981
50,台灣50       ,2015/11/19,62.3,10131
50,台灣50       ,2015/11/20,62.3,5421
50,台灣50       ,2015/11/23,62.6,3462
50,台灣50       ,2015/11/24,61.95,6598
50,台灣50       ,2015/11/25,61.95,5964
50,台灣50       ,2015/11/26,62.8,8642
50,台灣50       ,2015/11/27,61.95,6290
50,台灣50       ,2015/11/30,61.2,23268
50,台灣50       ,2015/12/1,62.4,8409
50,台灣50       ,2015/12/2,62.3,6361
50,台灣50       ,2015/12/3,62.4,6065
50,台灣50       ,2015/12/4,61.75,15048
50,台灣50       ,2015/12/7,62.5,14814
50,台灣50       ,2015/12/8,61.5,9200
50,台灣50       ,2015/12/9,60.75,16089
50,台灣50       ,2015/12/10,60.55,16616
50,台灣50       ,2015/12/11,59.85,13835
50,台灣50       ,2015/12/14,59.4,9528
50,台灣50       ,2015/12/15,59.45,6796
50,台灣50       ,2015/12/16,60.35,6530
50,台灣50       ,2015/12/17,61.05,7609
50,台灣50       ,2015/12/18,60.75,4893
50,台灣50       ,2015/12/21,60.65,4340
50,台灣50       ,2015/12/22,60.8,5138
50,台灣50       ,2015/12/23,60.9,7263
50,台灣50       ,2015/12/24,61.2,8456
50,台灣50       ,2015/12/25,61.6,6546
50,台灣50       ,2015/12/28,61.45,3449
50,台灣50       ,2015/12/29,61,3966
50,台灣50       ,2015/12/30,60.55,7262
50,台灣50       ,2015/12/31,60.75,3894
