49.1,49.015,48.96,48.995,48.974,48.966667,49.017143,48.98,48.945556,48.91,48.9,48.849167,48.819231,48.864286,48.912,48.95625,48.987647,49.020556,49.022632,49.0095,49.001905,48.995,48.958696,48.943333,48.9136,48.896154,48.871852,48.8125,48.747241,48.685,48.609355,48.5425,48.508485,48.478824,48.429714,48.375278,48.340541,48.321842,48.311538,48.2975,48.277073,48.264524,48.252558,48.240227,48.230222,48.213478,48.199149,48.176875,48.161429,48.1466,48.130784,48.116346,48.092264,48.078333,48.061091,48.041429,48,47.952931,47.907458,47.864833,47.824918,47.780968,47.73127,47.679219,47.623692,47.579848,47.534328,47.487059,47.445362,47.416571,47.392676,47.365417,47.338904,47.309865,47.2848,47.261053,47.236234,47.205769,47.180759,47.163625,47.147901,47.129512,47.11012,47.091667,47.074588,47.055465,47.026897,47.000795,46.974831,46.945333,46.918791,46.891413,46.857957,46.824787,46.794947,46.761875,46.730722,46.703163,46.675354,46.6398,46.606139,46.573529,46.539223,46.499615,46.461524,46.41717,46.365794,46.313056,46.264037,46.223091,46.185045,46.14625,46.113274,46.079737,46.050783,46.024483,45.990855,45.958814,45.924874,45.889083,45.848926,45.80418,45.755691,45.710484,45.6672,45.633175,45.600709,45.561328,45.527519,45.495923,45.463359,45.43,45.395038,45.359328,45.332296,45.301471,45.277372,45.257536,45.241295,45.224643,45.215248,45.206901,45.192028,45.177917,45.165172,45.15,45.135034,45.126149,45.125705,45.125,45.126225,45.128553,45.132157,45.138961,45.145935,45.146731,45.145924,45.145633,45.141761,45.136875,45.14,45.144877,45.147914,45.148902,45.153152,45.156084,45.158263,45.162143,45.165444,45.166059,45.166667,45.164884,45.164046,45.163448,45.160514,45.155284,45.150113,45.14427,45.140112,45.138556,45.13768,45.135659,45.128907,45.121141,45.116811,45.112742,45.109358,45.106011,45.102063,45.095105,45.084974,45.076875,45.06886,45.061598,45.049077,45.037143,45.027817,45.020051,45.012362,45.0027,44.990846,44.976238,44.963202,44.94848,44.941171,44.934757,44.924783,44.917115,44.911866,44.91081,44.905261,44.899953,44.899531,44.899907,44.906233,44.914213,44.923456,44.935459,44.948493,44.960091,44.968959,44.980946,44.993901,45.006205,45.017111,45.028451,45.035903,45.043289,45.050393,45.054739,45.058355,45.062284,45.064764,45.06688,45.067021,45.065763,45.062954,45.058613,45.054812,45.050375,45.047842,45.045868,45.043745,45.03873,45.036653,45.034065,45.032348,45.027782,45.024418,45.02092,45.016972,45.01123,45.003913,45.002047,45.000667,44.998164,
49.88,49.49,49.303333,49.19,49.172,49.125,49.097143,49.125,49.08,49.039,48.998182,48.981667,48.928462,48.895,48.932,48.9725,49.010588,49.037222,49.065789,49.0655,49.050952,49.041818,49.033478,48.997083,48.9808,48.950769,48.932593,48.907857,48.84931,48.785,48.723548,48.649063,48.58303,48.548824,48.518857,48.47,48.415946,48.381053,48.361795,48.35075,48.336098,48.315238,48.302093,48.289545,48.276667,48.266087,48.248936,48.234167,48.211633,48.1958,48.180588,48.164423,48.149623,48.12537,48.111091,48.093571,48.073684,48.032414,47.985593,47.940333,47.897869,47.858065,47.814286,47.764844,47.713077,47.657879,47.614179,47.568824,47.521739,47.480143,47.451268,47.427222,47.399863,47.373243,47.344133,47.318947,47.295065,47.270128,47.23962,47.2145,47.19716,47.18122,47.162651,47.143095,47.124471,47.107209,47.087931,47.059318,47.033146,47.007111,46.977582,46.950978,46.923548,46.890106,46.856947,46.827083,46.794021,46.762857,46.735253,46.7074,46.671881,46.638235,46.605631,46.571346,46.53181,46.493774,46.449533,46.398333,46.34578,46.296909,46.256036,46.218036,46.179292,46.146316,46.112783,46.083793,46.057436,46.023814,45.991765,45.957833,45.922066,45.881967,45.837317,45.788952,45.74384,45.700635,45.666614,45.634141,45.594806,45.561,45.529389,45.496818,45.463459,45.428507,45.392815,45.365735,45.334891,45.310725,45.290791,45.274429,45.25766,45.248099,45.23958,45.224583,45.210345,45.197466,45.182177,45.167095,45.158054,45.1574,45.15649,45.1575,45.159608,45.162987,45.169548,45.176282,45.176879,45.175886,45.175409,45.171375,45.166335,45.169259,45.173926,45.176768,45.177576,45.181627,45.184371,45.186369,45.190059,45.193176,45.193626,45.19407,45.192139,45.191149,45.1904,45.18733,45.181977,45.176685,45.170726,45.166444,45.164751,45.163736,45.161585,45.154728,45.146865,45.142419,45.138235,45.134734,45.13127,45.127211,45.120157,45.109948,45.101762,45.09366,45.086308,45.073724,45.061726,45.052323,45.044472,45.0367,45.026965,45.01505,45.000394,44.987304,44.972537,44.965146,44.958647,44.948606,44.940861,44.935524,44.93436,44.928726,44.923333,44.922804,44.92307,44.929259,44.937097,44.946193,44.958037,44.970909,44.982353,44.991081,45.002915,45.015714,45.027867,45.038628,45.049824,45.057149,45.06441,45.071391,45.075628,45.079138,45.082961,45.085342,45.087362,45.087415,45.086076,45.083193,45.078787,45.074917,45.070415,45.06781,45.065761,45.063566,45.05849,45.056341,45.053684,45.051895,45.047269,45.04384,45.040279,45.03627,45.030474,45.02311,45.021176,45.019727,
50.27,50.075,49.75,49.545,49.406,49.355,49.288571,49.24375,49.252222,49.199,49.150909,49.104167,49.080769,49.024286,48.986667,49.015625,49.048824,49.080556,49.102105,49.126,49.122857,49.106364,49.095217,49.085,49.048,49.030385,48.99963,48.980357,48.954828,48.896667,48.832903,48.771875,48.698182,48.632647,48.598,48.5675,48.518649,48.464737,48.429487,48.4095,48.397561,48.382143,48.360698,48.346818,48.333556,48.32,48.308723,48.291042,48.275714,48.2528,48.236471,48.220769,48.204151,48.188889,48.164364,48.149643,48.131754,48.111552,48.070339,48.023667,47.978525,47.936129,47.896349,47.852656,47.803385,47.751818,47.696866,47.653235,47.607971,47.561,47.519437,47.490417,47.466164,47.438649,47.411867,47.382632,47.357273,47.333205,47.308101,47.2775,47.252222,47.234634,47.218434,47.199643,47.179882,47.161047,47.143563,47.124091,47.095393,47.069111,47.042967,47.01337,46.986667,46.959149,46.925684,46.8925,46.862577,46.82949,46.798283,46.7706,46.742673,46.707157,46.673495,46.640865,46.606571,46.567075,46.529065,46.484907,46.433853,46.381455,46.332703,46.291875,46.253894,46.215175,46.182174,46.148621,46.119573,46.093136,46.059496,46.027417,45.993471,45.957705,45.917642,45.873065,45.8248,45.779762,45.736614,45.702578,45.670078,45.630769,45.596947,45.565303,45.532707,45.499328,45.46437,45.428676,45.401533,45.370652,45.346403,45.326357,45.309858,45.292958,45.283217,45.274514,45.259379,45.245,45.231973,45.216554,45.201342,45.192133,45.191258,45.190132,45.190915,45.192792,45.195935,45.202244,45.208726,45.209114,45.207925,45.20725,45.203043,45.19784,45.200552,45.205,45.207636,45.208253,45.212096,45.214643,45.21645,45.219941,45.222865,45.22314,45.22341,45.221322,45.220171,45.219261,45.216045,45.210562,45.20514,45.199056,45.194641,45.192802,45.191639,45.189348,45.182378,45.174409,45.16984,45.165532,45.161905,45.158316,45.154136,45.146979,45.136684,45.128402,45.120205,45.112755,45.100102,45.08803,45.078543,45.0706,45.062736,45.052921,45.040936,45.026225,45.013073,44.998252,44.990773,44.984183,44.974067,44.966238,44.960806,44.959528,44.953803,44.948318,44.947674,44.947824,44.953871,44.96156,44.970502,44.982182,44.994887,45.006171,45.014753,45.026429,45.039067,45.051062,45.061674,45.072719,45.079913,45.087043,45.093896,45.098017,45.101416,45.105128,45.107404,45.109322,45.109283,45.107857,45.104895,45.100417,45.096473,45.091901,45.089218,45.08709,45.084816,45.079675,45.077449,45.074718,45.072851,45.06816,45.064661,45.061032,45.056957,45.051102,45.043686,45.04168,
50.74,50.505,50.296667,49.9975,49.784,49.628333,49.552857,49.47,49.41,49.401,49.339091,49.283333,49.23,49.199286,49.138667,49.09625,49.117059,49.142778,49.167895,49.184,49.202857,49.196364,49.177391,49.16375,49.1512,49.113077,49.093704,49.061786,49.041034,49.014333,48.956129,48.8925,48.831515,48.758235,48.692857,48.6575,48.626216,48.577105,48.523077,48.48725,48.466341,48.453333,48.436977,48.414773,48.4,48.38587,48.371489,48.359375,48.34102,48.325,48.301569,48.284615,48.268302,48.251111,48.235273,48.210357,48.195088,48.176724,48.156102,48.114833,48.068197,48.023065,47.980635,47.940781,47.897077,47.847879,47.796418,47.741618,47.697971,47.652714,47.605775,47.564167,47.534932,47.510405,47.482667,47.455658,47.426234,47.400641,47.376329,47.351,47.320247,47.294756,47.276867,47.260357,47.241294,47.221279,47.202184,47.184432,47.164719,47.135889,47.109451,47.083152,47.053441,47.026596,46.998947,46.965417,46.932165,46.902143,46.86899,46.8377,46.809901,46.781863,46.746311,46.712596,46.679905,46.645566,46.606075,46.568056,46.523945,46.473,46.420721,46.372054,46.331239,46.293246,46.254522,46.221466,46.187863,46.158729,46.132185,46.0985,46.066364,46.032377,45.996585,45.956532,45.912,45.86381,45.818819,45.775703,45.741628,45.709077,45.669771,45.635909,45.604211,45.571567,45.538148,45.503162,45.467445,45.440217,45.409281,45.384929,45.364752,45.348099,45.331049,45.321111,45.312207,45.296918,45.282381,45.269189,45.253624,45.238267,45.228874,45.227763,45.226405,45.226948,45.228581,45.231474,45.237516,45.243734,45.243899,45.2425,45.241615,45.237222,45.23184,45.234329,45.238545,45.240964,45.241377,45.245,45.247337,45.248941,45.252222,45.254942,45.255029,45.255115,45.252857,45.251534,45.250452,45.247079,45.241453,45.235889,45.229669,45.22511,45.223115,45.221793,45.219351,45.212258,45.204171,45.199468,45.195026,45.191263,45.187539,45.183229,45.175959,45.165567,45.157179,45.148878,45.14132,45.128586,45.116432,45.10685,45.098806,45.090842,45.080936,45.068873,45.054098,45.040874,45.02599,45.018413,45.011722,45.001524,44.993602,44.988066,44.986667,44.980841,44.975256,44.974491,44.974516,44.980413,44.987945,44.996727,45.008235,45.020766,45.031883,45.040313,45.051822,45.064292,45.076123,45.086579,45.097467,45.104522,45.111515,45.118233,45.122232,45.125513,45.129106,45.131271,45.13308,45.132941,45.131423,45.128375,45.123817,45.119793,45.115144,45.112377,45.110163,45.107805,45.102591,45.100282,45.09747,45.09552,45.090757,45.087183,45.083478,45.079331,45.073412,45.065938,
50.87,50.805,50.626667,50.44,50.172,49.965,49.805714,49.7175,49.625556,49.556,49.534545,49.466667,49.405385,49.347143,49.310667,49.246875,49.200588,49.214444,49.233684,49.253,49.264286,49.278636,49.26913,49.247917,49.232,49.217308,49.178148,49.157143,49.124138,49.102,49.074194,49.015937,48.952424,48.891471,48.818571,48.753333,48.717297,48.685263,48.635897,48.58175,48.545366,48.523571,48.509535,48.492273,48.469333,48.453696,48.438723,48.423542,48.410612,48.3916,48.374902,48.350962,48.333396,48.316481,48.298727,48.282321,48.257018,48.241207,48.222373,48.201333,48.16,48.113387,48.068254,48.025781,47.985846,47.942121,47.892985,47.841618,47.786957,47.743286,47.698028,47.651111,47.609452,47.58,47.5552,47.527237,47.5,47.470385,47.444557,47.42,47.394444,47.363537,47.337831,47.319643,47.302824,47.283488,47.263218,47.243864,47.225843,47.205889,47.176923,47.150326,47.123871,47.094043,47.067053,47.039271,47.00567,46.972347,46.942222,46.909,46.877624,46.849706,46.821553,46.785962,46.75219,46.719434,46.685047,46.645556,46.607523,46.563455,46.512613,46.460446,46.411858,46.371053,46.333043,46.29431,46.261197,46.227542,46.198319,46.171667,46.137934,46.105738,46.071707,46.035887,45.99584,45.951349,45.903228,45.858281,45.815194,45.781077,45.748473,45.709167,45.675263,45.643507,45.610815,45.577353,45.542336,45.506594,45.479281,45.448286,45.42383,45.403521,45.386713,45.369514,45.359379,45.350274,45.33483,45.320135,45.306779,45.291067,45.275563,45.265987,45.264641,45.263052,45.263355,45.264744,45.267389,45.273165,45.279119,45.279062,45.277453,45.276358,45.271779,45.26622,45.268485,45.27247,45.274671,45.274881,45.278284,45.280412,45.281813,45.284884,45.287399,45.287299,45.2872,45.284773,45.283277,45.282022,45.278492,45.272722,45.267017,45.260659,45.255956,45.253804,45.252324,45.249731,45.242513,45.234309,45.229471,45.224895,45.220995,45.217135,45.212694,45.205309,45.194821,45.186327,45.177919,45.170253,45.157437,45.1452,45.135522,45.127376,45.11931,45.109314,45.097171,45.08233,45.069034,45.054087,45.046411,45.039619,45.029336,45.021321,45.015681,45.014159,45.008233,45.002546,45.001659,45.00156,45.007306,45.014682,45.023303,45.03464,45.046996,45.057946,45.066222,45.077566,45.089868,45.101535,45.111834,45.122565,45.129481,45.136336,45.142918,45.146795,45.149957,45.153432,45.155485,45.157185,45.156946,45.155333,45.152199,45.147562,45.143457,45.13873,45.135878,45.133577,45.131134,45.125847,45.123454,45.12056,45.118526,45.11369,45.11004,45.10626,45.102039,45.096055,
50.82,50.845,50.81,50.675,50.516,50.28,50.087143,49.9325,49.84,49.745,49.670909,49.641667,49.570769,49.506429,49.445333,49.405,49.339412,49.290556,49.298947,49.313,49.327619,49.335,49.345652,49.33375,49.3108,49.293077,49.276667,49.236786,49.214483,49.180667,49.157419,49.12875,49.070606,49.007353,48.946571,48.874167,48.809189,48.772632,48.74,48.6905,48.636341,48.599524,48.576977,48.562045,48.544,48.520435,48.504043,48.488333,48.472449,48.4588,48.439216,48.421923,48.397547,48.379444,48.362,48.34375,48.326842,48.301207,48.284915,48.265667,48.244262,48.202903,48.156349,48.11125,48.068769,48.028788,47.985075,47.936029,47.884783,47.830286,47.78662,47.741389,47.694521,47.652838,47.6232,47.598158,47.57,47.542564,47.512785,47.48675,47.461975,47.43622,47.405181,47.379286,47.360824,47.343721,47.324138,47.303636,47.284045,47.265778,47.245604,47.216522,47.189785,47.163191,47.133263,47.106146,47.078247,47.044592,47.011212,46.981,46.947723,46.916275,46.888252,46.86,46.824381,46.790566,46.757757,46.723333,46.683853,46.645818,46.601802,46.551071,46.499027,46.450526,46.409739,46.371724,46.332991,46.299831,46.266134,46.236833,46.210083,46.176311,46.144065,46.11,46.07416,46.034127,45.989685,45.941641,45.896744,45.853692,45.819542,45.786894,45.747594,45.713657,45.681852,45.649118,45.61562,45.58058,45.54482,45.517429,45.486383,45.461831,45.441399,45.424444,45.407103,45.396781,45.387483,45.371892,45.357047,45.343533,45.327682,45.312039,45.302288,45.300714,45.298903,45.298974,45.300127,45.302532,45.30805,45.31375,45.313478,45.311667,45.310368,45.30561,45.299879,45.301928,45.305689,45.307679,45.307692,45.310882,45.312807,45.314012,45.316879,45.319195,45.318914,45.318636,45.316045,45.314382,45.312961,45.309278,45.30337,45.297527,45.291038,45.286196,45.283892,45.282258,45.279519,45.272181,45.263862,45.258895,45.254188,45.250156,45.246166,45.241598,45.234103,45.22352,45.214924,45.206414,45.198643,45.18575,45.173433,45.163663,45.155419,45.147255,45.137171,45.124951,45.110048,45.096683,45.081675,45.073905,45.067014,45.056651,45.048545,45.042804,45.041163,45.035139,45.029355,45.028349,45.028128,45.033727,45.04095,45.049414,45.060583,45.072768,45.083556,45.091681,45.102863,45.115,45.126507,45.136652,45.147229,45.154009,45.16073,45.167179,45.170936,45.173983,45.177342,45.179286,45.180879,45.180542,45.178838,45.17562,45.170905,45.166721,45.161918,45.158984,45.156599,45.154073,45.148715,45.14624,45.143267,45.141151,45.136245,45.13252,45.128667,45.124375,
50.82,50.82,50.836667,50.8125,50.704,50.566667,50.357143,50.17875,50.031111,49.938,49.842727,49.766667,49.732308,49.66,49.594,49.53125,49.488235,49.421667,49.371053,49.375,49.384762,49.395455,49.399565,49.407083,49.3932,49.368846,49.34963,49.331786,49.291379,49.268,49.233548,49.209375,49.18,49.122059,49.059143,48.998611,48.926757,48.862105,48.825128,48.792,48.742439,48.688333,48.651163,48.627955,48.612222,48.593478,48.569362,48.552292,48.535918,48.5194,48.505098,48.485,48.46717,48.442407,48.423818,48.405893,48.387193,48.369828,48.343898,48.327167,48.307541,48.285806,48.244444,48.197969,48.152923,48.110455,48.070448,48.026765,47.977826,47.926714,47.872394,47.82875,47.783562,47.736757,47.695067,47.665263,47.64,47.611667,47.584051,47.554125,47.527901,47.502927,47.476988,47.445833,47.419765,47.401047,47.383678,47.363864,47.343146,47.323333,47.304835,47.284457,47.255269,47.228404,47.201684,47.171667,47.144433,47.116429,47.082727,47.0493,47.01901,46.985686,46.954175,46.926058,46.897714,46.862075,46.828224,46.79537,46.760917,46.721455,46.683423,46.639464,46.58885,46.53693,46.488522,46.447759,46.409744,46.371017,46.337815,46.304083,46.274711,46.247869,46.214065,46.181774,46.14768,46.111825,46.071811,46.027422,45.979457,45.934615,45.891603,45.857424,45.824737,45.785448,45.751481,45.719632,45.686861,45.653333,45.618273,45.5825,45.555035,45.523944,45.499301,45.47875,45.461655,45.444178,45.433673,45.424189,45.408456,45.393467,45.379801,45.363816,45.348039,45.338117,45.336323,45.334295,45.33414,45.335063,45.337233,45.3425,45.34795,45.347469,45.34546,45.343963,45.33903,45.333133,45.33497,45.338512,45.340296,45.340118,45.343099,45.344826,45.345838,45.348506,45.350629,45.35017,45.349718,45.346966,45.34514,45.343556,45.339724,45.333681,45.327705,45.321087,45.316108,45.313656,45.311872,45.308989,45.301534,45.293105,45.28801,45.283177,45.279016,45.274897,45.270205,45.262602,45.251929,45.243232,45.234623,45.22675,45.213781,45.201386,45.191527,45.183186,45.174927,45.164757,45.152464,45.1375,45.124067,45.109,45.101137,45.094151,45.083709,45.075514,45.069674,45.067917,45.061797,45.055917,45.054795,45.054455,45.05991,45.066982,45.075291,45.086295,45.098311,45.108938,45.116916,45.127939,45.139913,45.151261,45.161255,45.171681,45.178326,45.184915,45.191234,45.194873,45.197806,45.20105,45.202887,45.204375,45.203942,45.202149,45.198848,45.194057,45.189796,45.184919,45.181903,45.179435,45.176827,45.1714,45.168845,45.165794,45.163597,45.158622,45.154824,45.150898,
51.34,51.08,50.993333,50.9625,50.918,50.81,50.677143,50.48,50.307778,50.162,50.065455,49.9675,49.887692,49.847143,49.772,49.703125,49.637647,49.591111,49.522632,49.4695,49.468571,49.473636,49.48,49.480417,49.4844,49.468077,49.441852,49.420714,49.401034,49.359667,49.334839,49.299375,49.273939,49.243529,49.185429,49.1225,49.061892,48.990263,48.925641,48.888,48.854146,48.804286,48.75,48.712273,48.688222,48.671522,48.651915,48.627083,48.609184,48.592,48.574706,48.559615,48.538868,48.52037,48.495091,48.475893,48.457368,48.438103,48.420169,48.393833,48.376557,48.356452,48.334286,48.292813,48.246308,48.201212,48.158657,48.118529,48.074783,48.025857,47.974789,47.920556,47.876849,47.831622,47.7848,47.743026,47.712987,47.687436,47.658861,47.631,47.600864,47.57439,47.549157,47.522976,47.491647,47.465349,47.446322,47.428636,47.408539,47.387556,47.367473,47.348696,47.328065,47.298723,47.271684,47.244792,47.214639,47.187245,47.159091,47.1253,47.091782,47.061373,47.027961,46.996346,46.968095,46.939623,46.903925,46.87,46.837064,46.802545,46.763063,46.725,46.681062,46.630526,46.578696,46.530345,46.489573,46.451525,46.412773,46.3795,46.345702,46.31623,46.289268,46.255403,46.22304,46.188889,46.152992,46.112969,46.068605,46.020692,45.975878,45.932879,45.898647,45.865896,45.826593,45.792574,45.760657,45.727826,45.694245,45.659143,45.623333,45.595775,45.564615,45.539861,45.519172,45.501918,45.484286,45.473581,45.463893,45.448,45.432848,45.419013,45.402876,45.386948,45.376839,45.374808,45.372548,45.372152,45.37283,45.37475,45.379752,45.384938,45.384233,45.382012,45.380303,45.375181,45.369102,45.370714,45.374024,45.375588,45.375205,45.377965,45.37948,45.380287,45.382743,45.384659,45.384011,45.383371,45.380447,45.378444,45.376685,45.372692,45.366503,45.36038,45.353622,45.348495,45.345882,45.343936,45.340899,45.333316,45.324764,45.319531,45.31456,45.310258,45.306,45.301173,45.293452,45.282677,45.273869,45.26515,45.257164,45.244109,45.231626,45.221667,45.21322,45.204854,45.194589,45.182212,45.167177,45.153667,45.138531,45.130566,45.123474,45.112944,45.104651,45.098704,45.09682,45.090596,45.084612,45.083364,45.082896,45.088198,45.095112,45.103259,45.114089,45.125929,45.136388,45.144211,45.155066,45.16687,45.178052,45.187888,45.198155,45.204658,45.211106,45.217288,45.220802,45.223613,45.226736,45.228458,45.229834,45.229298,45.227407,45.224016,45.219143,45.214797,45.209838,45.206734,45.204177,45.20148,45.195976,45.193333,45.190198,45.187913,45.182863,45.178984,
51,51.17,51.053333,50.995,50.97,50.931667,50.837143,50.7175,50.537778,50.377,50.238182,50.143333,50.046923,49.967143,49.924,49.84875,49.779412,49.713333,49.665263,49.5965,49.542381,49.538182,49.54,49.543333,49.5412,49.542692,49.524815,49.4975,49.475172,49.454333,49.412581,49.386875,49.350909,49.324706,49.293714,49.235833,49.173243,49.112895,49.041795,48.9775,48.939512,48.905238,48.855349,48.801136,48.763111,48.738478,48.721064,48.700833,48.67551,48.657,48.639216,48.621346,48.60566,48.584444,48.565455,48.539821,48.520175,48.501207,48.481525,48.463167,48.436557,48.418871,48.398413,48.375938,48.334462,48.28803,48.242985,48.200441,48.16029,48.116571,48.067746,48.016806,47.96274,47.919054,47.873867,47.827105,47.785325,47.755128,47.729367,47.700625,47.672593,47.642317,47.615663,47.590238,47.563882,47.532442,47.505977,47.486705,47.468764,47.448444,47.427253,47.406957,47.387957,47.367128,47.337684,47.310521,47.283505,47.253265,47.225758,47.1975,47.163663,47.130098,47.099612,47.066154,47.034476,47.006132,46.97757,46.941852,46.90789,46.874909,46.84036,46.800893,46.762832,46.718947,46.668522,46.61681,46.568547,46.527797,46.489748,46.451,46.417686,46.383852,46.354309,46.327258,46.29336,46.260952,46.226772,46.190859,46.150853,46.106538,46.058702,46.013939,45.970977,45.936716,45.903926,45.864632,45.830584,45.798623,45.765755,45.732143,45.697021,45.661197,45.633566,45.602361,45.577517,45.556712,45.53932,45.521554,45.510671,45.5008,45.484768,45.469474,45.45549,45.439221,45.423161,45.412885,45.410637,45.408165,45.407547,45.408,45.409689,45.414444,45.419387,45.418476,45.416061,45.414157,45.408862,45.402619,45.404024,45.407118,45.40848,45.407907,45.410462,45.411782,45.4124,45.414659,45.416384,45.415562,45.414749,45.411667,45.409503,45.407582,45.403443,45.39712,45.390865,45.383978,45.378717,45.375957,45.373862,45.370684,45.362984,45.354323,45.348964,45.343866,45.339436,45.335051,45.330102,45.322273,45.311407,45.3025,45.293682,45.285594,45.272463,45.259902,45.249854,45.241311,45.23285,45.2225,45.210048,45.194952,45.181374,45.166179,45.158122,45.150935,45.140326,45.131944,45.125899,45.123899,45.11758,45.1115,45.110136,45.10955,45.114709,45.121473,45.129467,45.140133,45.151806,45.162105,45.169782,45.180478,45.192121,45.203147,45.212833,45.222949,45.229319,45.235636,45.241688,45.245084,45.247782,45.250792,45.252407,45.253678,45.253045,45.251066,45.247592,45.242642,45.238219,45.233185,45.23,45.22736,45.224582,45.219008,45.216285,45.213071,45.210706,45.205586,
51.13,51.065,51.156667,51.0725,51.022,50.996667,50.96,50.87375,50.763333,50.597,50.445455,50.3125,50.219231,50.124286,50.044667,49.999375,49.924118,49.854444,49.787895,49.7385,49.669524,49.614545,49.607391,49.60625,49.6068,49.602308,49.601481,49.582143,49.553793,49.530333,49.508387,49.46625,49.439697,49.403235,49.376286,49.344722,49.287027,49.224737,49.164615,49.094,49.03,48.991667,48.956977,48.907045,48.852889,48.814565,48.789362,48.77125,48.750408,48.7246,48.70549,48.687115,48.668679,48.652407,48.630727,48.61125,48.585263,48.565172,48.545763,48.525667,48.506885,48.48,48.461905,48.441094,48.418308,48.376818,48.330448,48.285441,48.242899,48.202714,48.159014,48.110278,48.059452,48.005541,47.961867,47.916711,47.87,47.828205,47.797848,47.771875,47.742963,47.714756,47.684337,47.6575,47.631882,47.605349,47.573793,47.547159,47.52764,47.509444,47.488901,47.4675,47.446989,47.427766,47.406737,47.377188,47.349897,47.322755,47.292424,47.2648,47.236436,47.202549,47.168932,47.138365,47.104857,47.073113,47.044673,47.016019,46.980275,46.946273,46.913243,46.878661,46.839204,46.80114,46.757304,46.706983,46.655385,46.607203,46.566471,46.528417,46.489669,46.456311,46.422439,46.392823,46.36568,46.331746,46.299291,46.265078,46.229147,46.189154,46.144885,46.097121,46.052406,46.009478,45.975185,45.942353,45.903066,45.868986,45.836978,45.804071,45.770426,45.735282,45.699441,45.671736,45.640483,45.615548,45.594626,45.577095,45.559195,45.548133,45.538079,45.521908,45.506471,45.492338,45.475935,45.459744,45.449299,45.446835,45.444151,45.443312,45.44354,45.445,45.449509,45.454207,45.453091,45.450482,45.448383,45.442917,45.436509,45.437706,45.440585,45.441744,45.440983,45.443333,45.444457,45.444886,45.446949,45.448483,45.447486,45.4465,45.44326,45.440934,45.438852,45.434565,45.428108,45.42172,45.414706,45.409309,45.406402,45.404158,45.400838,45.393021,45.384249,45.378763,45.373538,45.36898,45.364467,45.359394,45.351457,45.3405,45.331493,45.322574,45.314384,45.301176,45.288537,45.278398,45.269758,45.261202,45.250766,45.238238,45.223081,45.209434,45.194178,45.186028,45.178744,45.168056,45.159585,45.15344,45.151324,45.144909,45.138733,45.137252,45.136547,45.141563,45.148178,45.156018,45.16652,45.178026,45.188166,45.195696,45.206234,45.217716,45.228584,45.23812,45.248085,45.254322,45.260506,45.266429,45.269707,45.272292,45.275187,45.276694,45.27786,45.277131,45.275061,45.271504,45.266478,45.261976,45.256867,45.2536,45.250876,45.248016,45.242372,45.239567,45.236275,45.233828,
51,51.065,51.043333,51.1175,51.058,51.018333,50.997143,50.965,50.887778,50.787,50.633636,50.491667,50.365385,50.275,50.182667,50.104375,50.058235,49.983889,49.914737,49.8485,49.798571,49.73,49.674783,49.665417,49.662,49.660385,49.654074,49.651429,49.631034,49.602,49.577742,49.555,49.512727,49.485588,49.448857,49.421389,49.389459,49.332105,49.270256,49.2105,49.140488,49.076905,49.038372,49.003409,48.953556,48.899565,48.861064,48.835417,48.816735,48.7954,48.769216,48.749615,48.730755,48.711852,48.695091,48.673036,48.653158,48.626897,48.606441,48.586667,48.56623,48.547097,48.52,48.501563,48.480462,48.457424,48.41597,48.369706,48.324783,48.282286,48.242113,48.198472,48.149863,48.099189,48.045467,48.001842,47.956753,47.910128,47.868354,47.837875,47.811728,47.782683,47.754337,47.72381,47.696824,47.671047,47.644368,47.612727,47.585955,47.566222,47.547802,47.527065,47.505484,47.484787,47.465368,47.444167,47.414536,47.387143,47.359899,47.3295,47.301782,47.273333,47.239417,47.205769,47.175143,47.141604,47.109813,47.081296,47.052569,47.016818,46.982793,46.949732,46.915133,46.875702,46.837652,46.793879,46.743675,46.692203,46.644118,46.603417,46.565372,46.526639,46.493252,46.459355,46.42968,46.40246,46.368504,46.336016,46.301783,46.265846,46.225878,46.181667,46.133985,46.089328,46.046444,46.012132,45.97927,45.94,45.905899,45.873857,45.840922,45.807254,45.772098,45.73625,45.708483,45.677192,45.652177,45.631149,45.61349,45.595467,45.584238,45.574013,45.557712,45.542143,45.527871,45.511346,45.495032,45.48443,45.481761,45.478875,45.477826,45.47784,45.47908,45.483354,45.487818,45.486506,45.483713,45.481429,45.475799,45.469235,45.470234,45.472907,45.473873,45.472931,45.475086,45.476023,45.476271,45.478146,45.479497,45.478333,45.477182,45.473791,45.471311,45.469076,45.464649,45.458065,45.451551,45.444415,45.438889,45.435842,45.433455,45.43,45.422073,45.413196,45.40759,45.402245,45.397563,45.392929,45.387739,45.3797,45.368657,45.359554,45.350542,45.342255,45.328976,45.316262,45.306039,45.297308,45.28866,45.278143,45.265545,45.25033,45.23662,45.221308,45.21307,45.205694,45.194931,45.186376,45.180137,45.177909,45.171403,45.165135,45.163543,45.162723,45.1676,45.174071,45.181762,45.192105,45.20345,45.213435,45.220823,45.231207,45.242532,45.253248,45.262638,45.272458,45.278565,45.284622,45.290418,45.293583,45.296058,45.298843,45.300247,45.301311,45.30049,45.298333,45.294696,45.289597,45.28502,45.27984,45.276494,45.27369,45.270751,45.265039,45.262157,45.258789,
51.25,51.125,51.126667,51.095,51.144,51.09,51.051429,51.02875,50.996667,50.924,50.829091,50.685,50.55,50.428571,50.34,50.249375,50.171765,50.124444,50.050526,49.9815,49.915238,49.864545,49.796087,49.740417,49.7288,49.723077,49.719259,49.711071,49.706552,49.685,49.655161,49.63,49.606364,49.563824,49.536,49.498889,49.470811,49.438421,49.381282,49.31975,49.260244,49.190714,49.127442,49.088636,49.053333,49.003478,48.949574,48.910833,48.884694,48.8654,48.843529,48.816923,48.796792,48.777407,48.758,48.740714,48.718246,48.697931,48.671356,48.6505,48.630328,48.609516,48.59,48.562656,48.543846,48.522424,48.499104,48.457647,48.411449,48.366571,48.324085,48.283889,48.240274,48.191757,48.1412,48.087632,48.044026,47.998974,47.952405,47.910625,47.88,47.853659,47.824458,47.795952,47.765294,47.73814,47.712184,47.685341,47.653596,47.626667,47.606703,47.588043,47.567097,47.545319,47.524421,47.504792,47.483402,47.453673,47.426162,47.3988,47.368317,47.34049,47.311942,47.277981,47.244286,47.213585,47.18,47.148148,47.119541,47.090727,47.054955,47.020893,46.987788,46.953158,46.913739,46.87569,46.831966,46.781864,46.730504,46.6825,46.641818,46.60377,46.565041,46.531613,46.49768,46.467937,46.44063,46.406641,46.374109,46.339846,46.303893,46.263939,46.219774,46.172164,46.127556,46.084706,46.050365,46.017464,45.978201,45.944071,45.911986,45.879014,45.845315,45.810139,45.774276,45.746438,45.715102,45.69,45.668859,45.651067,45.632914,45.621513,45.611111,45.594675,45.578968,45.564551,45.547898,45.531456,45.520692,45.517812,45.51472,45.513457,45.513252,45.514268,45.518303,45.52253,45.521018,45.518036,45.515562,45.509765,45.503041,45.503837,45.506301,45.507069,45.505943,45.507898,45.508644,45.508708,45.510391,45.511556,45.510221,45.508901,45.505355,45.502717,45.500324,45.495753,45.489037,45.482394,45.475132,45.469474,45.466283,45.46375,45.460155,45.452113,45.443128,45.437398,45.431929,45.427121,45.422362,45.41705,45.408905,45.397772,45.388571,45.379461,45.371073,45.357718,45.344928,45.334615,45.325789,45.317048,45.306445,45.293774,45.278498,45.26472,45.249349,45.241019,45.233548,45.222706,45.214064,45.207727,45.205385,45.198784,45.192422,45.190714,45.189778,45.194513,45.200837,45.208377,45.218559,45.229739,45.239567,45.24681,45.257039,45.268205,45.278766,45.288008,45.297679,45.303655,45.309582,45.31525,45.318299,45.320661,45.323333,45.324631,45.325592,45.324675,45.322429,45.31871,45.313534,45.30888,45.303625,45.300198,45.297312,45.294291,45.28851,45.285547,
51.34,51.295,51.196667,51.18,51.144,51.176667,51.125714,51.0875,51.063333,51.031,50.961818,50.871667,50.735385,50.606429,50.489333,50.4025,50.313529,50.236667,50.188421,50.115,50.04619,49.98,49.928696,49.860417,49.8044,49.790769,49.782963,49.777143,49.767241,49.761,49.738387,49.707812,49.681818,49.657353,49.614571,49.586111,49.548649,49.52,49.487179,49.43025,49.369024,49.309762,49.240698,49.177727,49.138667,49.103043,49.053191,48.999375,48.960408,48.9338,48.913922,48.891538,48.864528,48.843889,48.824,48.804107,48.786316,48.763448,48.742712,48.715833,48.69459,48.674032,48.652857,48.632969,48.605385,48.586212,48.564478,48.540882,48.49942,48.453286,48.408451,48.365972,48.325753,48.282162,48.233733,48.183289,48.12987,48.086282,48.041266,47.99475,47.952963,47.922195,47.895663,47.86631,47.837647,47.80686,47.77954,47.753409,47.726404,47.694556,47.667473,47.647283,47.628387,47.607234,47.585263,47.564167,47.54433,47.522755,47.492929,47.4653,47.437822,47.407255,47.37932,47.350673,47.316667,47.282925,47.25215,47.218519,47.186606,47.157909,47.129009,47.093214,47.059115,47.025965,46.991304,46.951897,46.913846,46.870169,46.820168,46.768917,46.720992,46.680328,46.642276,46.603548,46.57008,46.536111,46.506299,46.478906,46.444884,46.412308,46.378015,46.342045,46.302105,46.257985,46.210444,46.165882,46.123066,46.088696,46.055755,46.0165,45.98234,45.950211,45.917203,45.883472,45.848276,45.812397,45.78449,45.753108,45.727919,45.706667,45.688742,45.670461,45.658889,45.648312,45.631742,45.615897,45.601338,45.584557,45.567987,45.557062,45.553975,45.550679,45.549202,45.54878,45.549576,45.553373,45.557365,45.555655,45.552485,45.549824,45.54386,45.536977,45.537572,45.539828,45.5404,45.539091,45.540847,45.541404,45.541285,45.542778,45.543757,45.542253,45.540765,45.537065,45.53427,45.53172,45.527005,45.52016,45.513386,45.506,45.500209,45.496875,45.494197,45.490464,45.482308,45.473214,45.46736,45.461768,45.456834,45.45195,45.446517,45.438267,45.427044,45.417745,45.408537,45.400049,45.386618,45.37375,45.363349,45.354429,45.345592,45.334906,45.32216,45.306822,45.292977,45.277546,45.269124,45.26156,45.250639,45.241909,45.235475,45.233018,45.226323,45.219866,45.218044,45.216991,45.221586,45.227763,45.235153,45.245174,45.25619,45.265862,45.272961,45.283034,45.294043,45.304449,45.313544,45.323067,45.328912,45.334708,45.340249,45.343182,45.345432,45.347992,45.349184,45.350041,45.349028,45.346694,45.342892,45.33764,45.332908,45.327579,45.324071,45.321102,45.318,45.312148,
51.77,51.555,51.453333,51.34,51.298,51.248333,51.261429,51.20625,51.163333,51.134,51.098182,51.029167,50.940769,50.809286,50.684,50.569375,50.482941,50.394444,50.317368,50.2675,50.19381,50.124545,50.057826,50.005417,49.9368,49.88,49.864074,49.853929,49.845862,49.834,49.825806,49.801875,49.770303,49.743235,49.717714,49.674444,49.645135,49.607105,49.577692,49.54425,49.487317,49.42619,49.366977,49.298182,49.235333,49.19587,49.159787,49.109792,49.055918,49.0166,48.989412,48.968846,48.945849,48.918333,48.897091,48.876607,48.85614,48.837759,48.814407,48.793167,48.765902,48.744194,48.723175,48.701563,48.681231,48.653333,48.633731,48.611618,48.587681,48.546143,48.5,48.455139,48.412603,48.372297,48.328667,48.280263,48.22987,48.176538,48.132911,48.087875,48.041358,47.999512,47.968554,47.941786,47.912235,47.883372,47.852414,47.824886,47.798539,47.771333,47.739341,47.712065,47.691613,47.672447,47.651053,47.628854,47.607526,47.587449,47.565657,47.5357,47.507921,47.480294,47.449612,47.421538,47.392762,47.358679,47.32486,47.293981,47.260275,47.228273,47.199459,47.170446,47.134602,47.100439,47.067217,47.0325,46.993077,46.955,46.911345,46.861417,46.810248,46.762377,46.721707,46.683629,46.64488,46.611349,46.577323,46.547422,46.519922,46.485846,46.453206,46.418864,46.382857,46.34291,46.298815,46.251324,46.206788,46.163986,46.129568,46.096571,46.057305,46.023099,45.990909,45.957847,45.924069,45.888836,45.852925,45.824932,45.79349,45.7682,45.746821,45.72875,45.710327,45.698571,45.687806,45.67109,45.655096,45.64038,45.623459,45.60675,45.595652,45.592346,45.588834,45.587134,45.586485,45.587048,45.590599,45.594345,45.592426,45.589059,45.586199,45.580058,45.573006,45.573391,45.575429,45.575795,45.574294,45.575843,45.576201,45.575889,45.577182,45.577967,45.576284,45.57462,45.570757,45.567796,45.56508,45.560213,45.553228,45.546316,45.538796,45.532865,45.529378,45.526546,45.522667,45.514388,45.505178,45.499192,45.493467,45.4884,45.483383,45.477822,45.469458,45.458137,45.448732,45.439417,45.430821,45.417308,45.404354,45.393857,45.384834,45.375896,45.365117,45.35229,45.336884,45.322963,45.307465,45.298945,45.291279,45.280273,45.271448,45.26491,45.262332,45.255536,45.248978,45.247035,45.245859,45.250307,45.256332,45.263565,45.27342,45.284267,45.293777,45.300726,45.310638,45.321483,45.33173,45.340672,45.350042,45.35575,45.361411,45.366818,45.36963,45.371762,45.374204,45.375285,45.376032,45.374919,45.37249,45.3686,45.363267,45.358452,45.353043,45.349449,45.346392,45.343203,
51.51,51.64,51.54,51.4675,51.374,51.333333,51.285714,51.2925,51.24,51.198,51.168182,51.1325,51.066154,50.981429,50.856,50.735625,50.624706,50.54,50.453158,50.377,50.326667,50.253636,50.184783,50.118333,50.0656,49.997308,49.94037,49.922857,49.911034,49.901333,49.888065,49.878437,49.853636,49.821471,49.793714,49.7675,49.724054,49.694211,49.655897,49.626,49.592195,49.535476,49.474651,49.415682,49.347333,49.284783,49.245106,49.20875,49.158776,49.105,49.06549,49.037885,49.016792,48.993333,48.965455,48.94375,48.922807,48.901897,48.883051,48.859333,48.837705,48.810161,48.788095,48.766719,48.744769,48.724091,48.69597,48.676029,48.653623,48.629429,48.587887,48.541806,48.496986,48.454459,48.414133,48.370526,48.322208,48.271923,48.218734,48.175125,48.130123,48.083659,48.041807,48.010714,47.983765,47.95407,47.925057,47.893977,47.866292,47.839778,47.812418,47.780326,47.752903,47.732234,47.712842,47.69125,47.668866,47.647347,47.627071,47.6051,47.57505,47.547157,47.519417,47.488654,47.460476,47.431604,47.397477,47.363611,47.332661,47.298909,47.266847,47.237946,47.20885,47.172982,47.138783,47.105517,47.070769,47.031356,46.993277,46.949667,46.899835,46.84877,46.800976,46.760323,46.72224,46.683492,46.649921,46.615859,46.585891,46.558308,46.524198,46.491515,46.457143,46.421119,46.381185,46.337132,46.289708,46.245217,46.202446,46.168,46.134965,46.095704,46.061469,46.029236,45.996138,45.962329,45.927075,45.891149,45.863087,45.8316,45.806225,45.784737,45.766536,45.747987,45.736065,45.725128,45.70828,45.692152,45.677296,45.66025,45.643416,45.63216,45.62865,45.624939,45.62303,45.622169,45.622515,45.625833,45.629349,45.627235,45.623684,45.62064,45.614335,45.607126,45.607314,45.609148,45.609322,45.60764,45.608994,45.609167,45.608674,45.60978,45.610383,45.608533,45.606703,45.602688,45.599572,45.596702,45.591693,45.584579,45.577539,45.569896,45.563834,45.560206,45.557231,45.553214,45.544822,45.535505,45.529397,45.52355,45.518358,45.513218,45.507537,45.499069,45.487659,45.478155,45.468744,45.460048,45.446459,45.433429,45.422844,45.413726,45.404695,45.393832,45.38093,45.365463,45.351475,45.335917,45.327306,45.319545,45.308462,45.29955,45.292915,45.290223,45.283333,45.276681,45.274626,45.273333,45.277642,45.283522,45.290606,45.300302,45.310987,45.320342,45.327149,45.336907,45.347595,45.357689,45.366485,45.375708,45.381286,45.386818,45.392099,45.394795,45.396816,45.399146,45.400121,45.400766,45.399558,45.39704,45.393068,45.387659,45.382767,45.377283,45.373608,45.370469,
51.64,51.575,51.64,51.565,51.502,51.418333,51.377143,51.33,51.331111,51.28,51.238182,51.2075,51.171538,51.107143,51.025333,50.905,50.788824,50.681111,50.597895,50.5125,50.437143,50.386364,50.313913,50.245417,50.1792,50.126154,50.058148,50.001071,49.982069,49.968667,49.957419,49.942812,49.931818,49.906176,49.873429,49.845,49.818108,49.774474,49.744103,49.7055,49.675122,49.640952,49.584419,49.523864,49.465111,49.397174,49.334894,49.295,49.258367,49.2084,49.154706,49.115,49.086981,49.06537,49.041455,49.013214,48.991053,48.969655,48.948305,48.929,48.904918,48.882903,48.855079,48.832656,48.810923,48.788636,48.767612,48.739265,48.718986,48.696286,48.671831,48.630278,48.584247,48.539459,48.496933,48.456579,48.412987,48.364744,48.314557,48.2615,48.217901,48.172927,48.126506,48.084643,48.053412,48.026279,47.996437,47.967273,47.936067,47.908222,47.881538,47.854022,47.821828,47.794255,47.773368,47.75375,47.731959,47.709388,47.687677,47.6672,47.64505,47.614902,47.586893,47.559038,47.52819,47.499906,47.470935,47.436759,47.402844,47.371818,47.338018,47.305893,47.276903,47.247719,47.211826,47.177586,47.144274,47.109492,47.070084,47.032,46.98843,46.938689,46.887724,46.84,46.79936,46.76127,46.72252,46.688906,46.654806,46.624769,46.597099,46.562955,46.530226,46.495821,46.459778,46.419853,46.375839,46.328478,46.284029,46.241286,46.206809,46.173732,46.134476,46.100208,46.067931,46.034795,46.000952,45.965676,45.929732,45.9016,45.870066,45.844605,45.823007,45.804675,45.786,45.77391,45.762803,45.745823,45.72956,45.714562,45.697391,45.680432,45.669018,45.665305,45.661394,45.659277,45.658204,45.658333,45.66142,45.664706,45.662398,45.658663,45.655434,45.648966,45.6416,45.641591,45.64322,45.643202,45.641341,45.6425,45.642486,45.641813,45.642732,45.643152,45.641135,45.63914,45.634973,45.631702,45.628677,45.623526,45.616283,45.609115,45.601347,45.595155,45.591385,45.588265,45.584112,45.575606,45.566181,45.55995,45.55398,45.548663,45.543399,45.537598,45.529024,45.517524,45.507923,45.498413,45.489617,45.475952,45.462844,45.45217,45.442958,45.433832,45.422884,45.409907,45.394378,45.380321,45.364703,45.356,45.348145,45.336982,45.327982,45.32125,45.318444,45.31146,45.304714,45.302544,45.301135,45.305304,45.311039,45.317974,45.327511,45.338034,45.347234,45.353898,45.363502,45.374034,45.383975,45.392625,45.401701,45.407149,45.412551,45.417705,45.420286,45.422195,45.424413,45.425282,45.425823,45.42452,45.421912,45.417857,45.412372,45.407402,45.401843,45.398086,
51.64,51.64,51.596667,51.64,51.58,51.525,51.45,51.41,51.364444,51.362,51.312727,51.271667,51.240769,51.205,51.142667,51.06375,50.948235,50.836111,50.731579,50.65,50.56619,50.491818,50.44087,50.369167,50.3012,50.235385,50.182222,50.114643,50.057586,50.037333,50.022581,50.01,49.994242,49.982059,49.955714,49.9225,49.893514,49.866053,49.822308,49.7915,49.752683,49.721905,49.687442,49.631136,49.570889,49.512391,49.444894,49.382917,49.342857,49.306,49.256078,49.2025,49.162642,49.134259,49.112182,49.087857,49.059298,49.036724,49.014915,48.993167,48.973443,48.949032,48.926667,48.898594,48.875846,48.853788,48.831194,48.809853,48.781304,48.760714,48.737746,48.713056,48.671507,48.625541,48.5808,48.538289,48.497922,48.454359,48.406203,48.356125,48.30321,48.259634,48.214699,48.168333,48.126471,48.095116,48.067816,48.037841,48.008539,47.977222,47.949231,47.922391,47.894731,47.862447,47.834737,47.813646,47.793814,47.771837,47.749091,47.7272,47.706535,47.684216,47.653981,47.625865,47.597905,47.566981,47.538598,47.509537,47.475321,47.441364,47.41027,47.376429,47.344248,47.315175,47.285913,47.25,47.215726,47.182373,47.147563,47.108167,47.070083,47.026557,46.976911,46.926048,46.8784,46.837778,46.799685,46.760938,46.727287,46.693154,46.663053,46.635303,46.601128,46.568358,46.533926,46.497868,46.457956,46.413986,46.366691,46.322286,46.279574,46.24507,46.211958,46.172708,46.138414,46.106096,46.072925,46.039054,46.003758,45.9678,45.939603,45.908026,45.882484,45.860779,45.842323,45.823526,45.811274,45.8,45.782893,45.7665,45.751366,45.734074,45.716994,45.705427,45.701515,45.69741,45.69509,45.69381,45.693728,45.696588,45.699649,45.697151,45.693237,45.689828,45.6832,45.675682,45.67548,45.67691,45.676704,45.674667,45.675635,45.67544,45.67459,45.675326,45.675568,45.673387,45.67123,45.666915,45.663492,45.660316,45.655026,45.647656,45.640363,45.632474,45.626154,45.622245,45.618985,45.614697,45.60608,45.59655,45.590199,45.584109,45.57867,45.573284,45.567366,45.558689,45.547101,45.537404,45.527799,45.518905,45.505166,45.491981,45.481221,45.471916,45.462698,45.451667,45.438618,45.423028,45.408904,45.393227,45.384434,45.376486,45.365247,45.356161,45.349333,45.346416,45.339339,45.3325,45.330218,45.328696,45.332727,45.338319,45.345107,45.354487,45.364851,45.373898,45.380422,45.389874,45.400251,45.410042,45.418548,45.427479,45.432798,45.438074,45.443102,45.445569,45.447368,45.449476,45.450241,45.45068,45.449283,45.446587,45.442451,45.43689,45.431843,45.426211,
51.99,51.815,51.756667,51.695,51.71,51.648333,51.591429,51.5175,51.474444,51.427,51.419091,51.369167,51.326923,51.294286,51.257333,51.195625,51.118235,51.006111,50.896842,50.7945,50.71381,50.630909,50.556957,50.505417,50.434,50.366154,50.30037,50.246786,50.17931,50.122,50.100323,50.084063,50.07,50.052941,50.039429,50.012222,49.978378,49.948684,49.920513,49.8765,49.845122,49.805952,49.774651,49.739773,49.683556,49.623478,49.565106,49.497917,49.436122,49.3958,49.358627,49.308654,49.255094,49.215,49.186182,49.163571,49.138772,49.109828,49.08678,49.0645,49.042295,49.022097,48.997302,48.974531,48.946154,48.92303,48.900597,48.877647,48.855942,48.827143,48.806197,48.782917,48.757945,48.716351,48.6704,48.625658,48.583117,48.542692,48.499114,48.451,48.400988,48.348171,48.304578,48.259643,48.213294,48.171395,48.139885,48.112386,48.082247,48.052778,48.021319,47.993152,47.966129,47.938298,47.905895,47.878021,47.856701,47.836633,47.814444,47.7915,47.769406,47.748529,47.726019,47.695673,47.667429,47.63934,47.608318,47.579815,47.550642,47.516364,47.482342,47.451161,47.417257,47.385,47.355826,47.326466,47.290513,47.256186,47.222773,47.187917,47.148512,47.11041,47.066911,47.017339,46.96656,46.918968,46.878346,46.840234,46.801473,46.767769,46.733588,46.703409,46.675564,46.641343,46.608519,46.574044,46.537956,46.498043,46.454101,46.406857,46.362482,46.319789,46.285245,46.252083,46.212828,46.178493,46.146122,46.112905,46.078993,46.043667,46.007682,45.979408,45.947778,45.922143,45.900323,45.881731,45.862803,45.85038,45.838931,45.821688,45.805155,45.789877,45.772454,45.755244,45.743515,45.739398,45.73509,45.73256,45.731065,45.730765,45.733392,45.736221,45.733526,45.729425,45.725829,45.719034,45.711356,45.710955,45.712179,45.711778,45.709558,45.71033,45.709945,45.708913,45.709459,45.709516,45.707166,45.70484,45.70037,45.696789,45.693455,45.688021,45.680518,45.673093,45.665077,45.658622,45.654569,45.651162,45.646734,45.638,45.628358,45.621881,45.615665,45.610098,45.604585,45.598544,45.589758,45.578077,45.568278,45.558571,45.549573,45.535755,45.522488,45.511636,45.502233,45.492917,45.481797,45.46867,45.453014,45.438818,45.423077,45.414189,45.406143,45.394821,45.385644,45.378717,45.375683,45.368509,45.361572,45.359174,45.357532,45.361422,45.366867,45.373504,45.382723,45.392924,45.401814,45.408193,45.41749,45.427708,45.437344,45.445702,45.454486,45.459672,45.464816,45.469715,45.472065,45.47375,45.475743,45.4764,45.476733,45.475238,45.472451,45.468228,45.462588,45.457461,
51.77,51.88,51.8,51.76,51.71,51.72,51.665714,51.61375,51.545556,51.504,51.458182,51.448333,51.4,51.358571,51.326,51.289375,51.229412,51.154444,51.046316,50.9405,50.840952,50.761818,50.680435,50.6075,50.556,50.485385,50.418148,50.352857,50.29931,50.232333,50.175161,50.1525,50.135152,50.12,50.102,50.0875,50.05973,50.025526,49.995385,49.96675,49.922683,49.890952,49.851628,49.82,49.784889,49.728913,49.669149,49.611042,49.544286,49.4828,49.442353,49.405,49.355094,49.301667,49.261455,49.232321,49.209298,49.184138,49.154915,49.1315,49.108852,49.08629,49.065714,49.040625,49.017538,48.988939,48.965522,48.942794,48.919565,48.897571,48.868592,48.847361,48.823836,48.798649,48.757067,48.711184,48.666494,48.623974,48.583544,48.54,48.491975,48.442073,48.389398,48.345833,48.300941,48.254651,48.212759,48.181136,48.153483,48.123222,48.093626,48.062065,48.033763,48.006596,47.978632,47.946146,47.918144,47.896633,47.876364,47.854,47.830891,47.808627,47.787573,47.764904,47.734476,47.706132,47.677944,47.646852,47.618257,47.589,47.554685,47.520625,47.489381,47.455439,47.42313,47.393879,47.364444,47.328475,47.294118,47.260667,47.225785,47.186393,47.148293,47.104839,47.05536,47.004683,46.957165,46.916562,46.87845,46.839692,46.805954,46.771742,46.741504,46.713582,46.679333,46.646471,46.611971,46.57587,46.535971,46.492071,46.444894,46.400563,46.357902,46.323333,46.290138,46.25089,46.216531,46.184122,46.150872,46.116933,46.081589,46.045592,46.017255,45.985584,45.959871,45.937949,45.919236,45.90019,45.88761,45.876,45.858634,45.841975,45.826564,45.809024,45.791697,45.779819,45.775509,45.771012,45.768284,45.766588,45.766082,45.768488,45.771098,45.768218,45.763943,45.76017,45.75322,45.745393,45.744804,45.745833,45.745249,45.742857,45.743443,45.74288,45.741676,45.742043,45.741925,45.739415,45.736931,45.732316,45.728586,45.725104,45.719534,45.711907,45.704359,45.696224,45.689645,45.685455,45.68191,45.67735,45.668507,45.658762,45.652167,45.645833,45.640146,45.634515,45.628357,45.619471,45.607703,45.59781,45.588009,45.578915,45.565023,45.551682,45.540744,45.53125,45.521843,45.510642,45.497443,45.481727,45.467466,45.451667,45.442691,45.434554,45.423156,45.413894,45.406872,45.403728,45.396463,45.389435,45.386926,45.385172,45.388927,45.394231,45.400723,45.409788,45.419831,45.428571,45.434812,45.443958,45.454025,45.463512,45.471728,45.480369,45.485429,45.490447,45.495223,45.49746,45.499036,45.50092,45.501474,45.501706,45.500119,45.497244,45.492941,45.487227,
51.99,51.88,51.916667,51.8475,51.806,51.756667,51.758571,51.70625,51.655556,51.59,51.548182,51.5025,51.49,51.442143,51.400667,51.3675,51.330588,51.271667,51.198421,51.0935,50.990476,50.893182,50.815217,50.735,50.6628,50.611154,50.541111,50.474286,50.40931,50.355667,50.289032,50.231875,50.208182,50.189706,50.173429,50.154444,50.138919,50.110526,50.075897,50.04525,50.016098,49.971905,49.939767,49.900227,49.868222,49.832826,49.777021,49.7175,49.659592,49.5932,49.531961,49.491346,49.453774,49.403889,49.350545,49.310179,49.280702,49.257241,49.231695,49.202167,49.178361,49.155323,49.132381,49.111406,49.086,49.062576,49.033731,49.01,48.986957,48.963429,48.941127,48.911944,48.890411,48.866622,48.8412,48.799605,48.753766,48.709103,48.666582,48.626125,48.582593,48.534634,48.484819,48.432262,48.388706,48.343837,48.297586,48.255682,48.223933,48.196111,48.165714,48.135978,48.104301,48.075851,48.048526,48.020417,47.987835,47.959694,47.93798,47.9175,47.89495,47.871667,47.849223,47.827981,47.805143,47.774623,47.746168,47.71787,47.686697,47.658,47.628649,47.594286,47.560177,47.52886,47.49487,47.4625,47.433162,47.403644,47.367647,47.33325,47.299752,47.264836,47.225447,47.187339,47.14392,47.094524,47.043937,46.996484,46.955891,46.917769,46.879008,46.845227,46.810977,46.780672,46.752667,46.718382,46.685474,46.650942,46.61482,46.574929,46.531064,46.483944,46.43965,46.397014,46.362414,46.329178,46.289932,46.255541,46.223087,46.1898,46.155828,46.120461,46.084444,46.056039,46.024323,45.998526,45.976497,45.957658,45.938491,45.92575,45.913975,45.896481,45.879693,45.864146,45.846485,45.829036,45.817006,45.8125,45.807811,45.804882,45.802982,45.802267,45.804451,45.806839,45.803771,45.799318,45.795367,45.788258,45.780279,45.7795,45.780331,45.77956,45.776995,45.777391,45.776649,45.775269,45.775455,45.77516,45.772487,45.769842,45.765079,45.761198,45.757565,45.751856,45.744103,45.736429,45.728173,45.721465,45.717136,45.71345,45.708756,45.699802,45.689951,45.683235,45.67678,45.670971,45.665217,45.658942,45.649952,45.638095,45.628104,45.618208,45.609014,45.595047,45.581628,45.570602,45.561014,45.551514,45.540228,45.526955,45.511176,45.496847,45.480987,45.47192,45.463689,45.452212,45.442863,45.435746,45.432489,45.42513,45.418009,45.415388,45.413519,45.417137,45.422298,45.428644,45.437553,45.447437,45.456025,45.462125,45.47112,45.481033,45.49037,45.498443,45.506939,45.51187,45.516761,45.521411,45.523534,45.525,45.526773,45.527222,45.527352,45.525669,45.522706,45.51832,
51.9,51.945,51.886667,51.9125,51.858,51.821667,51.777143,51.77625,51.727778,51.68,51.618182,51.5775,51.533077,51.519286,51.472667,51.431875,51.398824,51.362222,51.304737,51.2335,51.131905,51.031818,50.936957,50.860417,50.7816,50.710385,50.658889,50.589643,50.523448,50.459,50.405484,50.339375,50.282424,50.257941,50.238571,50.221389,50.201622,50.185263,50.15641,50.1215,50.090488,50.060952,50.016744,49.984318,49.944667,49.912391,49.876809,49.82125,49.762041,49.7044,49.638431,49.5775,49.536792,49.499074,49.449273,49.396071,49.355614,49.325862,49.302034,49.276167,49.246393,49.222258,49.198889,49.175625,49.154308,49.128636,49.104925,49.075882,49.051884,49.028571,49.004789,48.982222,48.952877,48.931081,48.907067,48.881447,48.83987,48.794103,48.749494,48.707,48.666543,48.623049,48.575181,48.525476,48.473059,48.429535,48.384713,48.338523,48.296629,48.264778,48.236813,48.206304,48.176452,48.144681,48.116105,48.088646,48.060412,48.027755,47.999495,47.9776,47.956931,47.934216,47.910777,47.888173,47.866762,47.843774,47.813178,47.78463,47.756239,47.725,47.696216,47.666786,47.632389,47.598246,47.56687,47.532845,47.500427,47.471017,47.441429,47.405417,47.370992,47.337459,47.30252,47.263145,47.22504,47.181667,47.132362,47.081875,47.034496,46.993923,46.955802,46.917045,46.883233,46.848955,46.818593,46.790515,46.756204,46.723261,46.688705,46.652571,46.612695,46.568873,46.521818,46.477569,46.434966,46.400342,46.367075,46.327838,46.293423,46.260933,46.227616,46.193618,46.158235,46.122208,46.093742,46.061987,46.036115,46.013987,45.995031,45.97575,45.962857,45.950926,45.933313,45.916402,45.900727,45.882952,45.865389,45.853214,45.848521,45.843647,45.840526,45.83843,45.837514,45.839483,45.841657,45.838409,45.833785,45.829663,45.822402,45.814278,45.813315,45.813956,45.813005,45.810272,45.810486,45.80957,45.808021,45.808032,45.807566,45.804737,45.801937,45.797031,45.793005,45.789227,45.783385,45.77551,45.767716,45.759343,45.752513,45.74805,45.744229,45.739406,45.730345,45.720392,45.713561,45.70699,45.701063,45.695192,45.688804,45.679714,45.667773,45.657689,45.6477,45.638411,45.624372,45.61088,45.59977,45.590092,45.580502,45.569136,45.555792,45.539955,45.525561,45.509643,45.500489,45.492168,45.480617,45.471184,45.463974,45.460609,45.45316,45.445948,45.443219,45.441239,45.444723,45.449746,45.455949,45.464706,45.474435,45.482875,45.488838,45.497686,45.507449,45.516639,45.524571,45.532927,45.537733,45.5425,45.547028,45.54904,45.550398,45.552063,45.552411,45.552441,45.550667,45.547617,
52.03,51.965,51.973333,51.9225,51.936,51.886667,51.851429,51.80875,51.804444,51.758,51.711818,51.6525,51.612308,51.568571,51.553333,51.5075,51.467059,51.433889,51.397368,51.341,51.271429,51.172727,51.075217,50.9825,50.9072,50.829615,50.759259,50.707857,50.63931,50.573667,50.509677,50.45625,50.390606,50.333824,50.308571,50.288333,50.27027,50.249737,50.232564,50.20325,50.168049,50.136667,50.106744,50.0625,50.029778,49.99,49.957447,49.921667,49.866327,49.8074,49.75,49.684423,49.623774,49.582963,49.545091,49.495357,49.442281,49.401724,49.371695,49.3475,49.321311,49.29129,49.266825,49.243125,49.219538,49.197879,49.17194,49.147941,49.118696,49.094429,49.070845,49.046806,49.023973,48.994459,48.9724,48.948158,48.922338,48.880769,48.835063,48.7905,48.748025,48.707561,48.664096,48.61631,48.566706,48.514419,48.47092,48.426136,48.38,48.338111,48.306154,48.278043,48.247419,48.217447,48.185579,48.156875,48.129278,48.100918,48.068182,48.0398,48.017723,47.996863,47.973981,47.950385,47.927619,47.906038,47.882897,47.852222,47.823578,47.795091,47.763784,47.734911,47.705398,47.670965,47.636783,47.605345,47.571282,47.538814,47.509328,47.479667,47.443636,47.40918,47.37561,47.340645,47.30128,47.263175,47.219843,47.170625,47.120233,47.072923,47.032366,46.994242,46.955489,46.921642,46.887333,46.856912,46.828759,46.79442,46.761439,46.726857,46.690709,46.650845,46.607063,46.560069,46.515862,46.473288,46.438639,46.405338,46.366107,46.331667,46.299139,46.265789,46.231765,46.196364,46.160323,46.131795,46.1,46.074051,46.051824,46.03275,46.013354,46.000309,45.988221,45.970488,45.953455,45.937651,45.91976,45.902083,45.889763,45.884882,45.879825,45.876512,45.87422,45.873103,45.874857,45.876818,45.87339,45.868596,45.864302,45.856889,45.848619,45.847473,45.847923,45.846793,45.843892,45.843925,45.842834,45.841117,45.840952,45.840316,45.83733,45.834375,45.829326,45.825155,45.821231,45.815255,45.807259,45.799343,45.790854,45.7839,45.779303,45.775347,45.770394,45.761225,45.751171,45.744223,45.737536,45.73149,45.725502,45.719,45.70981,45.697783,45.687606,45.677523,45.66814,45.654028,45.640461,45.629266,45.619498,45.609818,45.598371,45.584955,45.569058,45.554598,45.538622,45.529381,45.520969,45.509342,45.499825,45.492522,45.489048,45.481509,45.474206,45.471368,45.469277,45.472627,45.477511,45.483571,45.492176,45.50175,45.510041,45.515868,45.524568,45.53418,45.543224,45.551016,45.559231,45.563911,45.568554,45.57296,45.574861,45.576111,45.577668,45.577913,45.577843,45.575977,
52.29,52.16,52.073333,52.0525,51.996,51.995,51.944286,51.90625,51.862222,51.853,51.806364,51.76,51.701538,51.660714,51.616667,51.599375,51.553529,51.512778,51.478947,51.442,51.38619,51.317727,51.221304,51.125833,51.0348,50.960385,50.883704,50.813929,50.762414,50.694333,50.629032,50.565313,50.511818,50.446471,50.389714,50.363611,50.342432,50.323421,50.302051,50.284,50.254146,50.218571,50.186744,50.156364,50.112,50.078913,50.038936,50.006042,49.97,49.9148,49.856078,49.798846,49.733585,49.673148,49.632182,49.594107,49.544386,49.491379,49.450678,49.420333,49.395738,49.369194,49.338889,49.314063,49.29,49.266061,49.24403,49.217794,49.193478,49.164,49.139437,49.115556,49.091233,49.068108,49.0384,49.016053,48.991558,48.965513,48.923924,48.87825,48.833704,48.79122,48.750723,48.707262,48.659529,48.61,48.557816,48.514318,48.469551,48.423444,48.381538,48.349457,48.321183,48.290426,48.260316,48.228333,48.199485,48.171735,48.143232,48.1104,48.081881,48.059608,48.038544,48.015481,47.991714,47.968774,47.947009,47.923704,47.892936,47.864182,47.835586,47.804196,47.775221,47.745614,47.71113,47.676897,47.645385,47.611271,47.578739,47.549167,47.519421,47.483361,47.448862,47.415242,47.38024,47.340873,47.302756,47.259453,47.21031,47.16,47.112748,47.072197,47.03406,46.995299,46.961407,46.927059,46.896569,46.868333,46.833957,46.800929,46.766312,46.730141,46.69028,46.646528,46.599586,46.555411,46.512857,46.478176,46.444832,46.4056,46.371126,46.338553,46.305163,46.271104,46.235677,46.199615,46.171019,46.139177,46.113145,46.090812,46.071615,46.052099,46.038896,46.026646,46.008788,45.991627,45.975689,45.957679,45.939882,45.927412,45.922339,45.917093,45.913584,45.911092,45.909771,45.911307,45.913051,45.909438,45.904469,45.9,45.892431,45.884011,45.882678,45.882935,45.881622,45.878548,45.878396,45.877128,45.875238,45.874895,45.874084,45.870937,45.867824,45.862629,45.858308,45.854235,45.848122,45.84,45.83196,45.82335,45.816269,45.811535,45.807438,45.802353,45.793073,45.782913,45.775845,45.769038,45.762871,45.756762,45.750142,45.740849,45.728732,45.718458,45.708279,45.698796,45.684608,45.670963,45.65968,45.649818,45.640045,45.628514,45.615022,45.599063,45.584533,45.568496,45.559163,45.550658,45.538952,45.529348,45.521948,45.518362,45.51073,45.503333,45.500383,45.498178,45.501392,45.506134,45.51205,45.5205,45.529917,45.538058,45.543745,45.552295,45.561755,45.57065,45.5783,45.586371,45.590924,45.59544,45.599721,45.601508,45.602648,45.604094,45.604235,45.604063,
52.8,52.545,52.373333,52.255,52.202,52.13,52.11,52.05125,52.005556,51.956,51.939091,51.889167,51.84,51.78,51.736667,51.690625,51.67,51.622778,51.580526,51.545,51.506667,51.450455,51.382174,51.287083,51.1928,51.102692,51.028519,50.952143,50.882414,50.830333,50.762258,50.696875,50.63303,50.579118,50.513714,50.456667,50.429459,50.407105,50.386923,50.3645,50.345366,50.314762,50.278605,50.246136,50.215111,50.170435,50.136809,50.096458,50.063061,50.0266,49.971373,49.912692,49.855472,49.79037,49.73,49.68875,49.650351,49.600517,49.547458,49.5065,49.475738,49.450645,49.423651,49.392969,49.367692,49.343182,49.318806,49.296324,49.26971,49.245,49.215211,49.190278,49.166027,49.141351,49.117867,49.087895,49.065195,49.040385,49.014051,48.972375,48.926667,48.882073,48.839518,48.798929,48.755412,48.707674,48.658161,48.606023,48.562472,48.517667,48.471538,48.429565,48.397312,48.36883,48.337895,48.307604,48.275464,48.246429,48.218485,48.1898,48.156832,48.128137,48.105631,48.084327,48.061048,48.037075,48.013925,47.991944,47.96844,47.937545,47.908649,47.879911,47.848407,47.819298,47.789565,47.755,47.720684,47.689068,47.654874,47.62225,47.592562,47.562705,47.526585,47.492016,47.45832,47.423254,47.383858,47.345703,47.302403,47.253308,47.203053,47.155833,47.115263,47.07709,47.038296,47.004338,46.969927,46.939348,46.911007,46.876571,46.843475,46.808803,46.772587,46.732708,46.688966,46.642055,46.597891,46.555338,46.520604,46.4872,46.447947,46.413421,46.380784,46.347338,46.313226,46.277756,46.241656,46.212975,46.181069,46.154937,46.132484,46.113148,46.093497,46.080122,46.067697,46.049699,46.032395,46.01631,45.998166,45.980235,45.967602,45.962326,45.956879,45.953161,45.950457,45.94892,45.950226,45.951742,45.947933,45.942778,45.938122,45.930385,45.921803,45.920272,45.920324,45.918817,45.915561,45.915213,45.913757,45.911684,45.911152,45.910156,45.906839,45.903557,45.898205,45.893724,45.889492,45.883232,45.874975,45.8668,45.85806,45.850842,45.845961,45.841716,45.836488,45.827087,45.816812,45.809615,45.802679,45.796381,45.790142,45.783396,45.773991,45.761776,45.751395,45.741111,45.731521,45.717248,45.703516,45.692136,45.682172,45.672297,45.660673,45.647098,45.631067,45.61646,45.600352,45.590921,45.582314,45.570522,45.560823,45.553319,45.549614,45.54188,45.534383,45.531314,45.528987,45.532059,45.536653,45.542417,45.550705,45.559959,45.567942,45.573484,45.581878,45.591179,45.599919,45.607419,45.615341,45.61976,45.624143,45.628294,45.62996,45.630984,45.632314,45.632344,
